‡∏Ç‡πà‡∏≤‡∏ß,Real,Link,LINE bot,Result,
"‡πÉ‡∏´‡πâ‡πÄ‡∏ï‡∏£‡∏µ‡∏¢‡∏°‡∏£‡∏±‡∏ö‡∏°‡∏∑‡∏≠‡∏Å‡∏±‡∏ö‡∏≠‡∏∏‡∏ì‡∏´‡∏†‡∏π‡∏°‡∏¥  40-50 ‡∏≠‡∏á‡∏®‡∏≤
‡∏Ñ‡∏ß‡∏£‡∏î‡∏∑‡πà‡∏°‡∏ô‡πâ‡∏≥‡∏™‡∏∞‡∏≠‡∏≤‡∏î  ‡∏î‡∏∑‡πà‡∏°‡∏ä‡πâ‡∏≤‡πÜ  ‡∏´‡∏•‡∏µ‡∏Å‡πÄ‡∏•‡∏µ‡πà‡∏¢‡∏á‡∏ô‡πâ‡∏≥‡πÄ‡∏¢‡πá‡∏ô  ‡∏ô‡πâ‡∏≥‡πÅ‡∏Ç‡πá‡∏á
‡∏Ç‡∏ì‡∏∞‡∏ô‡∏µ‡πâ  ‡∏°‡∏≤‡πÄ‡∏•‡∏µ‡∏¢‡πÄ‡∏ã‡∏µ‡∏¢  ‡∏≠‡∏¥‡∏ô‡πÇ‡∏î‡∏ô‡∏µ‡πÄ‡∏ã‡∏µ‡∏¢  ‡∏™‡∏¥‡∏á‡∏Ñ‡πÇ‡∏õ‡∏£‡πå‡∏Å‡∏≥‡∏•‡∏±‡∏á‡πÄ‡∏ú‡∏ä‡∏¥‡∏ç‡∏Å‡∏±‡∏ö‡∏Ñ‡∏•‡∏∑‡πà‡∏ô‡∏Ñ‡∏ß‡∏≤‡∏°‡∏£‡πâ‡∏≠‡∏ô
‡∏≠‡∏∞‡πÑ‡∏£‡∏Ñ‡∏ß‡∏£‡∏ó‡∏≥  ‡∏≠‡∏∞‡πÑ‡∏£‡πÑ‡∏°‡πà‡∏Ñ‡∏ß‡∏£‡∏ó‡∏≥  
1. ‡∏´‡∏°‡∏≠‡∏ö‡∏≠‡∏Å‡∏ß‡πà‡∏≤  ‡∏´‡∏≤‡∏Å‡∏£‡πâ‡∏≠‡∏ô‡∏ñ‡∏∂‡∏á 40 ‡∏≠‡∏á‡∏®‡∏≤  ‡πÑ‡∏°‡πà‡∏Ñ‡∏ß‡∏£‡∏î‡∏∑‡πà‡∏°‡∏ô‡πâ‡∏≥‡πÄ‡∏¢‡πá‡∏ô‡∏ï‡πà‡∏≠‡πÑ‡∏õ  ‡πÄ‡∏û‡∏£‡∏≤‡∏∞‡∏´‡∏•‡∏≠‡∏î‡πÄ‡∏•‡∏∑‡∏≠‡∏î‡πÄ‡∏•‡πá‡∏Å‡∏≠‡∏≤‡∏à‡∏õ‡∏£‡∏¥‡∏´‡∏£‡∏∑‡∏≠‡∏£‡∏∞‡πÄ‡∏ö‡∏¥‡∏î‡πÑ‡∏î‡πâ  ‡πÄ‡∏û‡∏∑‡πà‡∏≠‡∏ô‡∏Ç‡∏≠‡∏á‡∏´‡∏°‡∏≠‡∏Ñ‡∏ô‡∏´‡∏ô‡∏∂‡πà‡∏á‡∏°‡∏≤‡∏à‡∏≤‡∏Å‡∏Ç‡πâ‡∏≤‡∏á‡∏ô‡∏≠‡∏Å  ‡∏£‡πâ‡∏≠‡∏ô‡∏à‡∏ô‡πÄ‡∏´‡∏á‡∏∑‡πà‡∏≠‡πÅ‡∏ï‡∏Å  ‡∏£‡∏µ‡∏ö‡∏•‡πâ‡∏≤‡∏á‡πÄ‡∏ó‡πâ‡∏≤‡∏î‡πâ‡∏ß‡∏¢‡∏ô‡πâ‡∏≥‡πÄ‡∏¢‡πá‡∏ô  ‡∏ú‡∏•‡∏Ñ‡∏∑‡∏≠‡∏ï‡∏≤‡∏°‡∏≠‡∏á‡πÑ‡∏°‡πà‡πÄ‡∏´‡πá‡∏ô‡∏ï‡πâ‡∏≠‡∏á‡∏£‡∏µ‡∏ö‡πÄ‡∏£‡∏µ‡∏¢‡∏Å‡∏£‡∏ñ‡∏û‡∏¢‡∏≤‡∏ö‡∏≤‡∏•
2. ‡∏´‡∏≤‡∏Å‡∏£‡πâ‡∏≠‡∏ô‡∏ñ‡∏∂‡∏á 38 ‡∏≠‡∏á‡∏®‡∏≤  ‡∏Å‡πá‡∏õ‡∏•‡πà‡∏≠‡∏¢‡∏£‡πà‡∏≤‡∏á‡∏Å‡∏≤‡∏¢‡∏£‡πâ‡∏≠‡∏ô‡πÑ‡∏õ  ‡∏≠‡∏¢‡πà‡∏≤‡∏î‡∏∑‡πà‡∏°‡∏ô‡πâ‡∏≥‡πÄ‡∏¢‡πá‡∏ô  ‡πÉ‡∏´‡πâ‡∏î‡∏∑‡πà‡∏°‡∏ô‡πâ‡∏≥‡∏£‡πâ‡∏≠‡∏ô‡∏´‡∏£‡∏∑‡∏≠‡∏ô‡πâ‡∏≥‡∏≠‡∏∏‡πà‡∏ô  ‡∏Ñ‡πà‡∏≠‡∏¢‡πÜ ‡∏î‡∏∑‡πà‡∏°  ‡∏≠‡∏¢‡πà‡∏≤‡∏£‡∏µ‡∏ö‡∏£‡πâ‡∏≠‡∏ô‡∏•‡πâ‡∏≤‡∏á‡∏Ç‡∏≤‡∏•‡πâ‡∏≤‡∏á‡∏°‡∏∑‡∏≠‡∏´‡∏£‡∏∑‡∏≠‡∏™‡πà‡∏ß‡∏ô‡∏ó‡∏µ‡πà‡∏ñ‡∏π‡∏Å‡πÅ‡∏î‡∏î‡πÄ‡∏ú‡∏≤  ‡∏Ñ‡∏ß‡∏£‡∏£‡∏≠‡∏™‡∏±‡∏Å  30 ‡∏ô‡∏≤‡∏ó‡∏µ‡∏Ñ‡πà‡∏≠‡∏¢‡∏≠‡∏≤‡∏ö‡∏ô‡πâ‡∏≥
3. ‡∏ä‡∏≤‡∏¢‡∏Ñ‡∏ô‡∏´‡∏ô‡∏∂‡πà‡∏á‡∏£‡πâ‡∏≠‡∏ô‡∏°‡∏≤‡∏Å‡∏£‡∏µ‡∏ö‡∏≠‡∏≤‡∏ö‡∏ô‡πâ‡∏≥  ‡∏≠‡∏≤‡∏ö‡πÄ‡∏™‡∏£‡πá‡∏à‡∏Ç‡∏≤‡∏Å‡∏£‡∏£‡πÑ‡∏Å‡∏£‡πÅ‡∏Ç‡πá‡∏á  ‡πÄ‡∏õ‡πá‡∏ô‡∏™‡πÇ‡∏ï‡∏£‡∏Ñ‡πÑ‡∏õ‡πÄ‡∏•‡∏¢  **‡∏Ç‡πâ‡∏≠‡∏Ñ‡∏ß‡∏£‡∏£‡∏∞‡∏ß‡∏±‡∏á**  ‡πÉ‡∏ô‡∏´‡∏ô‡πâ‡∏≤‡∏£‡πâ‡∏≠‡∏ô‡∏´‡∏£‡∏∑‡∏≠‡∏¢‡∏≤‡∏°‡∏Ñ‡∏∏‡∏ì‡∏≠‡πà‡∏≠‡∏ô‡πÄ‡∏û‡∏•‡∏µ‡∏¢  ‡∏´‡∏•‡∏µ‡∏Å‡πÄ‡∏•‡∏µ‡πà‡∏¢‡∏á‡∏î‡∏∑‡πà‡∏°‡∏ô‡πâ‡∏≥‡πÄ‡∏¢‡πá‡∏ô‡∏ó‡∏±‡∏ô‡∏ó‡∏µ  ‡πÄ‡∏û‡∏£‡∏≤‡∏∞‡∏°‡∏±‡∏ô‡∏à‡∏∞‡∏ó‡∏≥‡πÉ‡∏´‡πâ‡∏´‡∏•‡∏≠‡∏î‡πÄ‡∏•‡∏∑‡∏≠‡∏î‡∏´‡∏î‡πÄ‡∏•‡πá‡∏Å  ‡πÅ‡∏•‡πâ‡∏ß‡πÄ‡∏õ‡πá‡∏ô‡∏™‡πÇ‡∏ï‡∏£‡∏Ñ  (‡∏™‡∏≠‡∏ô‡∏•‡∏π‡∏Å‡∏´‡∏•‡∏≤‡∏ô‡∏î‡πâ‡∏ß‡∏¢)",fake,https://www.facebook.com/OhISeebyAjarnJess/posts/pfbid02VfkPxnYyjyMfM2K5rLRztyqtwK8d1Gg1rFvR9WyYcwwj7B2uD5iWTmKpDnDz8J1Dl,fake,TP,
"(‡∏£‡∏≤‡∏¢‡∏á‡∏≤‡∏ô‡∏Ç‡πà‡∏≤‡∏ß)  ‡∏≠.‡πÄ‡∏à‡∏©‡∏é‡πå ‡πÄ‡∏ï‡∏∑‡∏≠‡∏ô ‡∏Ñ‡∏£‡∏µ‡∏°‡∏û‡∏≠‡∏Å‡∏Ç‡∏≤‡∏ß‡∏ó‡∏≥‡∏ú‡∏¥‡∏ß‡πÄ‡∏Ç‡πâ‡∏° ‡∏°‡∏µ‡∏™‡∏µ‡πÄ‡∏Ñ‡∏°‡∏µ‡∏ú‡∏™‡∏° ‡∏™‡∏∏‡∏î‡∏≠‡∏±‡∏ô‡∏ï‡∏£‡∏≤‡∏¢ ‡∏´‡∏≤‡∏Å‡πÑ‡∏î‡πâ‡∏£‡∏±‡∏ö‡πÅ‡∏•‡∏∞‡∏™‡∏∞‡∏™‡∏°‡πÉ‡∏ô‡∏£‡πà‡∏≤‡∏á‡∏Å‡∏≤‡∏¢‡πÉ‡∏ô‡∏õ‡∏£‡∏¥‡∏°‡∏≤‡∏ì‡∏°‡∏≤‡∏Å ‡∏à‡∏∞‡∏ó‡∏≥‡∏•‡∏≤‡∏¢‡∏£‡∏∞‡∏ö‡∏ö‡πÄ‡∏•‡∏∑‡∏≠‡∏î ‡πÅ‡∏•‡∏∞ ‡∏≠‡∏ß‡∏±‡∏¢‡∏ß‡∏∞‡∏†‡∏≤‡∏¢‡πÉ‡∏ô

‡∏ß‡∏±‡∏ô‡∏ó‡∏µ‡πà 20 ‡∏°‡∏µ.‡∏Ñ.2566 ‡∏£‡∏®.‡∏î‡∏£.‡πÄ‡∏à‡∏©‡∏é‡∏≤ ‡πÄ‡∏î‡πà‡∏ô‡∏î‡∏ß‡∏á‡∏ö‡∏£‡∏¥‡∏û‡∏±‡∏ô‡∏ò‡πå ‡∏≠‡∏≤‡∏à‡∏≤‡∏£‡∏¢‡πå‡∏õ‡∏£‡∏∞‡∏à‡∏≥‡∏†‡∏≤‡∏Ñ‡∏ß‡∏¥‡∏ä‡∏≤‡∏ä‡∏µ‡∏ß‡∏ß‡∏¥‡∏ó‡∏¢‡∏≤ ‡∏Ñ‡∏ì‡∏∞‡∏ß‡∏¥‡∏ó‡∏¢‡∏≤‡∏®‡∏≤‡∏™‡∏ï‡∏£‡πå ‡∏à‡∏∏‡∏¨‡∏≤‡∏•‡∏á‡∏Å‡∏£‡∏ì‡πå‡∏°‡∏´‡∏≤‡∏ß‡∏¥‡∏ó‡∏¢‡∏≤‡∏•‡∏±‡∏¢ ‡πÄ‡∏õ‡∏¥‡∏î‡πÄ‡∏ú‡∏¢‡∏Å‡∏£‡∏ì‡∏µ‡∏°‡∏µ‡∏ú‡∏π‡πâ‡πÉ‡∏ä‡πâ‡∏ï‡∏¥‡πä‡∏Å‡∏ï‡πá‡∏≠‡∏Å‡πÇ‡∏û‡∏™‡∏ï‡πå‡∏Ñ‡∏•‡∏¥‡∏õ‡∏ó‡∏µ‡πà‡∏ï‡∏±‡∏ß‡πÄ‡∏≠‡∏á‡∏Å‡∏±‡∏ö‡πÄ‡∏û‡∏∑‡πà‡∏≠‡∏ô‡∏ó‡∏≤‡∏Ñ‡∏£‡∏µ‡∏°‡∏û‡∏≠‡∏Å‡∏ú‡∏¥‡∏ß‡πÇ‡∏î‡∏¢‡∏≠‡πâ‡∏≤‡∏á‡πÄ‡∏õ‡πá‡∏ô‡∏™‡∏≤‡∏£‡∏™‡∏Å‡∏±‡∏î‡∏à‡∏≤‡∏Å‡∏™‡∏≤‡∏´‡∏£‡πà‡∏≤‡∏¢ ‡πÅ‡∏ï‡πà‡∏õ‡∏£‡∏≤‡∏Å‡∏é‡∏ß‡πà‡∏≤‡∏û‡∏≠‡∏ó‡∏≤‡πÑ‡∏õ‡πÅ‡∏•‡πâ‡∏ß‡πÅ‡∏ó‡∏ô‡∏ó‡∏µ‡πà‡∏ú‡∏¥‡∏ß‡∏à‡∏∞‡∏Ç‡∏≤‡∏ß‡∏Å‡∏•‡∏±‡∏ö‡∏°‡∏µ‡∏™‡∏µ‡πÄ‡∏Ç‡πâ‡∏°‡∏Ç‡∏∂‡πâ‡∏ô (‡∏≠‡πà‡∏≤‡∏ô : ‡∏á‡∏≤‡∏ô‡∏á‡∏≠‡∏Å‡πÄ‡∏•‡∏¢‡∏ó‡∏µ‡∏ô‡∏µ‡πâ! 2 ‡πÄ‡∏û‡∏∑‡πà‡∏≠‡∏ô‡∏ã‡∏µ‡πâ‡∏£‡∏µ‡∏ß‡∏¥‡∏ß‡∏Ñ‡∏£‡∏µ‡∏°‡∏û‡∏≠‡∏Å‡∏ú‡∏¥‡∏ß‡∏Ç‡∏≤‡∏ß ‡∏•‡πâ‡∏≤‡∏á‡∏≠‡∏≠‡∏Å‡∏°‡∏≤‡∏´‡∏±‡∏ß‡πÄ‡∏£‡∏≤‡∏∞‡∏ó‡πâ‡∏≠‡∏á‡πÅ‡∏Ç‡πá‡∏á ‡πÄ‡∏≠‡∏≤‡πÑ‡∏á‡∏Å‡∏±‡∏ô‡∏î‡∏µ)

‡πÇ‡∏î‡∏¢‡∏£‡∏®.‡∏î‡∏£.‡πÄ‡∏à‡∏©‡∏é‡∏≤ ‡∏Å‡∏•‡πà‡∏≤‡∏ß‡∏ß‡πà‡∏≤ ‡∏Å‡∏≤‡∏£‡∏ó‡∏µ‡πà‡πÉ‡∏ä‡πâ‡∏Ñ‡∏£‡∏µ‡∏°‡∏ó‡∏≤‡∏ú‡∏¥‡∏ß‡∏ï‡∏≤‡∏°‡∏Ñ‡∏•‡∏¥‡∏õ‡πÅ‡∏•‡πâ‡∏ß‡∏ú‡∏¥‡∏ß‡πÄ‡∏õ‡πá‡∏ô‡∏™‡∏µ‡πÄ‡∏Ç‡πâ‡∏°‡∏ô‡∏±‡πâ‡∏ô ‡πÄ‡∏ä‡∏∑‡πà‡∏≠‡∏ß‡πà‡∏≤‡∏ô‡πà‡∏≤‡∏à‡∏∞‡πÄ‡∏Å‡∏¥‡∏î‡∏à‡∏≤‡∏Å‡∏™‡∏µ‡∏ó‡∏µ‡πà‡∏ú‡∏™‡∏°‡πÉ‡∏ô‡∏Ñ‡∏£‡∏µ‡∏°‡∏ã‡∏∂‡∏°‡πÄ‡∏Ç‡πâ‡∏≤‡πÑ‡∏õ‡πÉ‡∏ô‡∏ú‡∏¥‡∏ß‡∏´‡∏ô‡∏±‡∏á‡∏à‡∏ô‡∏•‡πâ‡∏≤‡∏á‡∏≠‡∏≠‡∏Å‡πÑ‡∏î‡πâ‡πÑ‡∏°‡πà‡∏á‡πà‡∏≤‡∏¢ ‡∏ï‡πâ‡∏≠‡∏á‡∏£‡∏≠‡πÉ‡∏´‡πâ‡∏ú‡∏¥‡∏ß‡∏•‡∏≠‡∏Å‡∏´‡∏£‡∏∑‡∏≠‡πÄ‡∏õ‡πá‡∏ô‡∏Ç‡∏µ‡πâ‡πÑ‡∏Ñ‡∏• ‡πÅ‡∏ï‡πà‡∏¢‡∏±‡∏á‡∏ï‡∏≠‡∏ö‡πÑ‡∏°‡πà‡πÑ‡∏î‡πâ‡∏ß‡πà‡∏≤‡∏≠‡∏±‡∏ô‡∏ï‡∏£‡∏≤‡∏¢‡∏´‡∏£‡∏∑‡∏≠‡πÑ‡∏°‡πà ‡πÄ‡∏û‡∏£‡∏≤‡∏∞‡∏ï‡πâ‡∏≠‡∏á‡∏ô‡∏≥‡∏Ñ‡∏£‡∏µ‡∏°‡∏ô‡∏µ‡πâ‡∏ï‡∏£‡∏ß‡∏à‡∏™‡∏≠‡∏ö‡∏ß‡πà‡∏≤‡∏°‡∏µ‡∏™‡πà‡∏ß‡∏ô‡∏õ‡∏£‡∏∞‡∏Å‡∏≠‡∏ö‡πÄ‡∏õ‡πá‡∏ô‡∏≠‡∏∞‡πÑ‡∏£‡∏ö‡πâ‡∏≤‡∏á

‡∏£‡∏®.‡∏î‡∏£.‡πÄ‡∏à‡∏©‡∏é‡∏≤ ‡∏Å‡∏•‡πà‡∏≤‡∏ß‡∏≠‡∏µ‡∏Å‡∏ß‡πà‡∏≤ ‡∏≠‡∏¢‡πà‡∏≤‡∏á‡πÑ‡∏£‡∏Å‡πá‡∏ï‡∏≤‡∏° ‡∏´‡∏≤‡∏Å‡πÄ‡∏õ‡πá‡∏ô‡∏™‡∏µ‡∏¢‡πâ‡∏≠‡∏°‡∏ú‡πâ‡∏≤‡∏à‡∏∞‡∏ó‡∏≥‡πÉ‡∏´‡πâ‡∏™‡∏≤‡∏£‡πÇ‡∏•‡∏´‡∏∞‡∏´‡∏ô‡∏±‡∏Å‡πÄ‡∏Ç‡πâ‡∏≤‡∏™‡∏π‡πà‡∏£‡πà‡∏≤‡∏á‡∏Å‡∏≤‡∏¢ ‡∏™‡πà‡∏ß‡∏ô‡∏Ñ‡∏£‡∏µ‡∏°‡πÄ‡∏£‡πà‡∏á‡∏ú‡∏¥‡∏ß‡∏Ç‡∏≤‡∏ß‡∏°‡∏±‡∏Å‡∏•‡∏≠‡∏ö‡πÉ‡∏™‡πà‡∏™‡∏≤‡∏£‡∏≠‡∏±‡∏ô‡∏ï‡∏£‡∏≤‡∏¢‡∏´‡∏•‡∏≤‡∏¢‡∏ä‡∏ô‡∏¥‡∏î ‡πÄ‡∏ä‡πà‡∏ô ‡∏õ‡∏£‡∏≠‡∏ó ‡πÑ‡∏Æ‡πÇ‡∏î‡∏£‡∏Ñ‡∏ß‡∏¥‡πÇ‡∏ô‡∏ô ‡∏Å‡∏£‡∏î‡∏ß‡∏¥‡∏ï‡∏≤‡∏°‡∏µ‡∏ô‡πÄ‡∏≠ ‡πÅ‡∏•‡∏∞‡∏™‡πÄ‡∏ï‡∏µ‡∏¢‡∏£‡∏≠‡∏¢‡∏î‡πå ‡∏ã‡∏∂‡πà‡∏á‡∏≠‡∏≤‡∏à‡πÉ‡∏ä‡πâ‡πÄ‡∏ß‡∏•‡∏≤‡∏™‡∏±‡∏Å‡∏û‡∏±‡∏Å‡∏ó‡∏µ‡πà‡∏à‡∏∞‡∏ó‡∏≥‡πÉ‡∏´‡πâ‡∏ú‡∏¥‡∏ß‡∏Ç‡∏≤‡∏ß‡∏Ç‡∏∂‡πâ‡∏ô‡πÑ‡∏î‡πâ ‡∏≠‡∏±‡∏ô‡πÄ‡∏õ‡πá‡∏ô‡∏ú‡∏•‡∏à‡∏≤‡∏Å‡∏Å‡∏≤‡∏£‡∏¢‡∏±‡∏ö‡∏¢‡∏±‡πâ‡∏á‡∏Å‡∏≤‡∏£‡∏™‡∏£‡πâ‡∏≤‡∏á‡πÄ‡∏°‡πá‡∏î‡∏™‡∏µ‡πÉ‡∏ô‡∏£‡πà‡∏≤‡∏á‡∏Å‡∏≤‡∏¢ ‡πÅ‡∏ï‡πà‡∏à‡∏∞‡∏ó‡∏≥‡πÉ‡∏´‡πâ‡∏ú‡∏¥‡∏ß‡∏ö‡∏≤‡∏á‡πÅ‡∏•‡∏∞‡∏î‡∏≥‡∏Ñ‡∏•‡πâ‡∏≥‡∏î‡∏≥‡πÑ‡∏î‡πâ‡∏´‡∏≤‡∏Å‡∏ñ‡∏π‡∏Å‡πÅ‡∏î‡∏î

‡∏™‡πà‡∏ß‡∏ô‡∏Ñ‡∏£‡∏µ‡∏°‡∏î‡∏±‡∏á‡∏Å‡∏•‡πà‡∏≤‡∏ß‡∏ó‡∏µ‡πà‡∏≠‡πâ‡∏≤‡∏á‡∏ß‡πà‡∏≤‡πÄ‡∏õ‡πá‡∏ô‡∏™‡∏≤‡∏£‡∏™‡∏Å‡∏±‡∏î‡∏à‡∏≤‡∏Å‡∏™‡∏≤‡∏´‡∏£‡πà‡∏≤‡∏¢‡∏ô‡∏±‡πâ‡∏ô ‡∏≠‡∏≤‡∏à‡πÄ‡∏õ‡πá‡∏ô‡∏Å‡∏≤‡∏£‡πÇ‡∏Ü‡∏©‡∏ì‡∏≤‡πÄ‡∏Å‡∏¥‡∏ô‡∏à‡∏£‡∏¥‡∏á ‡πÄ‡∏û‡∏£‡∏≤‡∏∞‡∏î‡∏π‡πÄ‡∏õ‡πá‡∏ô‡∏™‡∏µ‡πÄ‡∏Ñ‡∏°‡∏µ ‡πÑ‡∏°‡πà‡πÉ‡∏ä‡πà‡∏™‡∏µ‡∏à‡∏≤‡∏Å‡∏™‡∏≤‡∏´‡∏£‡πà‡∏≤‡∏¢‡∏ò‡∏£‡∏£‡∏°‡∏ä‡∏≤‡∏ï‡∏¥ ‡πÅ‡∏•‡∏∞‡∏≠‡∏±‡∏ô‡∏ï‡∏£‡∏≤‡∏¢‡∏à‡∏≤‡∏Å‡∏Å‡∏≤‡∏£‡πÉ‡∏ä‡πâ‡∏Ñ‡∏£‡∏µ‡∏°‡∏ó‡∏µ‡πà‡∏°‡∏µ‡∏™‡πà‡∏ß‡∏ô‡∏ú‡∏™‡∏°‡∏Ç‡∏≠‡∏á‡∏™‡∏≤‡∏£‡πÄ‡∏Ñ‡∏°‡∏µ‡∏ï‡πà‡∏≤‡∏á‡πÜ‡∏ô‡∏±‡πâ‡∏ô ‡∏´‡∏≤‡∏Å‡πÄ‡∏Ç‡πâ‡∏≤‡πÑ‡∏õ‡∏™‡∏∞‡∏™‡∏°‡πÉ‡∏ô‡∏£‡πà‡∏≤‡∏á‡∏Å‡∏≤‡∏¢‡πÉ‡∏ô‡∏õ‡∏£‡∏¥‡∏°‡∏≤‡∏ì‡∏°‡∏≤‡∏Å ‡∏à‡∏∞‡∏ó‡∏≥‡∏•‡∏≤‡∏¢‡∏£‡∏∞‡∏ö‡∏ö‡πÄ‡∏•‡∏∑‡∏≠‡∏î ‡πÅ‡∏•‡∏∞‡∏≠‡∏ß‡∏±‡∏¢‡∏ß‡∏∞‡∏†‡∏≤‡∏¢‡πÉ‡∏ô ‡∏ã‡∏∂‡πà‡∏á‡πÇ‡∏î‡∏¢‡∏õ‡∏Å‡∏ï‡∏¥‡πÅ‡∏•‡πâ‡∏ß‡∏à‡∏∞‡∏´‡πâ‡∏≤‡∏°‡πÉ‡∏™‡πà‡∏™‡∏≤‡∏£‡∏≠‡∏±‡∏ô‡∏ï‡∏£‡∏≤‡∏¢‡πÄ‡∏´‡∏•‡πà‡∏≤‡∏ô‡∏µ‡πâ‡πÄ‡∏Ç‡πâ‡∏≤‡πÑ‡∏õ‡πÉ‡∏ô‡πÄ‡∏Ñ‡∏£‡∏∑‡πà‡∏≠‡∏á‡∏™‡∏≥‡∏≠‡∏≤‡∏á‡∏≠‡∏¢‡∏π‡πà‡πÅ‡∏•‡πâ‡∏ß

‡∏à‡∏≤‡∏Å https://www.khaosod.co.th/special-stories/news_7568130",fact,https://www.facebook.com/OhISeebyAjarnJess/posts/pfbid01RpMZdaPKiRR7zgQY151KpV3WYJEM4X5pPmNLEDUUtRqRgh8VAuyqYTxUfGsMkLUl,fact,TN,
"‡∏™‡∏π‡∏ï‡∏£‡πÄ‡∏î‡πá‡∏î 4 ‡∏™‡∏°‡∏∏‡∏ô‡πÑ‡∏û‡∏£‡πÑ‡∏ó‡∏¢ ‚Äú‡∏û‡∏¥‡∏ä‡∏¥‡∏ï‡∏ú‡∏°‡∏´‡∏á‡∏≠‡∏Å‚Äù ‡∏´‡∏≤‡πÑ‡∏°‡πà‡∏¢‡∏≤‡∏Å ‡∏ó‡∏≥‡∏ï‡∏≤‡∏°‡πÑ‡∏î‡πâ‡∏á‡πà‡∏≤‡∏¢‡πÜ
‡∏≠‡∏≤‡∏¢‡∏∏‡πÄ‡∏°‡∏∑‡πà‡∏≠‡∏•‡πà‡∏ß‡∏á‡πÄ‡∏•‡∏¢‡∏ú‡πà‡∏≤‡∏ô‡πÑ‡∏õ ‡∏™‡∏¥‡πà‡∏á‡∏ó‡∏µ‡πà‡∏à‡∏∞‡∏ï‡∏≤‡∏°‡∏°‡∏≤‡∏Ñ‡∏∑‡∏≠‡∏Å‡∏≤‡∏£‡πÄ‡∏õ‡∏•‡∏µ‡πà‡∏¢‡∏ô‡πÅ‡∏õ‡∏•‡∏á‡∏Ç‡∏≠‡∏á‡∏™‡∏£‡∏µ‡∏£‡∏∞‡∏ï‡πà‡∏≤‡∏á‡πÜ ‡πÉ‡∏ô‡∏£‡πà‡∏≤‡∏á‡∏Å‡∏≤‡∏¢ ‡∏ú‡∏¥‡∏ß‡∏´‡∏ô‡∏±‡∏á‡πÄ‡∏£‡∏¥‡πà‡∏°‡∏à‡∏∞‡πÄ‡∏´‡∏µ‡πà‡∏¢‡∏ß‡∏¢‡πà‡∏ô ‡πÅ‡∏•‡∏∞‡∏≠‡∏µ‡∏Å‡∏´‡∏•‡∏≤‡∏¢‡∏õ‡∏è‡∏¥‡∏Å‡∏¥‡∏£‡∏¥‡∏¢‡∏≤‡∏ó‡∏µ‡πà‡∏à‡∏∞‡πÄ‡∏Å‡∏¥‡∏î‡∏Ç‡∏∂‡πâ‡∏ô ‡πÅ‡∏ï‡πà‡∏°‡∏µ‡∏™‡∏¥‡πà‡∏á‡∏´‡∏ô‡∏∂‡πà‡∏á‡∏ó‡∏µ‡πà‡∏°‡∏µ‡πÇ‡∏≠‡∏Å‡∏≤‡∏™‡∏ó‡∏µ‡πà‡∏à‡∏∞‡πÄ‡∏õ‡∏•‡∏µ‡πà‡∏¢‡∏ô‡πÅ‡∏õ‡∏•‡∏á‡πÑ‡∏õ‡πÑ‡∏î‡πâ‡∏Å‡πà‡∏≠‡∏ô‡∏ß‡∏±‡∏¢ ‡πÅ‡∏•‡∏∞‡∏™‡∏£‡πâ‡∏≤‡∏á‡∏Ñ‡∏ß‡∏≤‡∏°‡∏Å‡∏•‡∏∏‡πâ‡∏°‡πÉ‡∏à‡πÉ‡∏´‡πâ‡∏Å‡∏±‡∏ö‡∏´‡∏•‡∏≤‡∏¢‡∏Ñ‡∏ô ‡∏Å‡πá‡∏Ñ‡∏∑‡∏≠ ‡∏†‡∏≤‡∏ß‡∏∞‡∏Å‡∏≤‡∏£‡πÄ‡∏Å‡∏¥‡∏î‡∏ú‡∏°‡∏´‡∏á‡∏≠‡∏Å‡∏Å‡πà‡∏≠‡∏ô‡∏ß‡∏±‡∏¢
‡∏™‡∏°‡∏∏‡∏ô‡πÑ‡∏û‡∏£‡∏ó‡∏µ‡πà‡∏à‡∏∞‡∏ä‡πà‡∏ß‡∏¢‡∏£‡∏±‡∏Å‡∏©‡∏≤‡∏ú‡∏°‡∏´‡∏á‡∏≠‡∏Å ‡πÉ‡∏´‡πâ‡πÑ‡∏î‡πâ‡∏Ñ‡∏•‡∏≤‡∏¢‡∏Å‡∏±‡∏á‡∏ß‡∏•‡πÅ‡∏•‡∏∞‡∏ô‡∏≥‡πÑ‡∏õ‡πÉ‡∏ä‡πâ‡∏Å‡∏±‡∏ô
‡∏ú‡∏°‡∏´‡∏á‡∏≠‡∏Å‡∏£‡∏±‡∏Å‡∏©‡∏≤‡πÑ‡∏î‡πâ‡∏î‡πâ‡∏ß‡∏¢ 4 ‡∏™‡∏°‡∏∏‡∏ô‡πÑ‡∏û‡∏£‡πÑ‡∏ó‡∏¢
1. ‡∏ß‡πà‡∏≤‡∏ô‡∏´‡∏≤‡∏á‡∏à‡∏£‡∏∞‡πÄ‡∏Ç‡πâ ‡∏Å‡∏±‡∏ö‡∏™‡∏°‡∏∏‡∏ô‡πÑ‡∏û‡∏£‡πÉ‡∏Å‡∏•‡πâ‡∏ï‡∏±‡∏ß‡∏ó‡∏µ‡πà‡πÉ‡∏´‡πâ‡∏Ñ‡∏∏‡∏ì‡∏õ‡∏£‡∏∞‡πÇ‡∏¢‡∏ä‡∏ô‡πå‡∏ï‡πà‡∏≠‡∏Ñ‡∏ô‡πÄ‡∏£‡∏≤‡∏ï‡πà‡∏≤‡∏á‡πÜ ‡∏°‡∏≤‡∏Å‡∏°‡∏≤‡∏¢‡πÄ‡∏•‡∏¢‡∏ó‡∏µ‡πÄ‡∏î‡∏µ‡∏¢‡∏ß ‡∏ã‡∏∂‡πà‡∏á‡∏Å‡∏≤‡∏£‡πÉ‡∏ä‡πâ‡∏ß‡πà‡∏≤‡∏ô‡∏´‡∏≤‡∏á‡∏à‡∏£‡∏∞‡πÄ‡∏Ç‡πâ‡∏£‡∏±‡∏Å‡∏©‡∏≤‡∏ú‡∏°‡∏´‡∏á‡∏≠‡∏Å‡∏ô‡∏±‡πâ‡∏ô ‡∏à‡∏∞‡∏°‡∏µ‡∏™‡πà‡∏ß‡∏ô‡∏ú‡∏™‡∏°‡∏ó‡∏µ‡πà‡∏ï‡πâ‡∏≠‡∏á‡∏ô‡∏≥‡∏°‡∏≤‡πÉ‡∏ä‡πâ 3 ‡∏≠‡∏¢‡πà‡∏≤‡∏á‡∏î‡πâ‡∏ß‡∏¢‡∏Å‡∏±‡∏ô ‡∏Ñ‡∏∑‡∏≠ ‡∏ß‡πà‡∏≤‡∏ô‡∏´‡∏≤‡∏á‡∏à‡∏£‡∏∞‡πÄ‡∏Ç‡πâ ‡∏ô‡πâ‡∏≥‡∏°‡∏±‡∏ô‡∏à‡∏°‡∏π‡∏Å‡∏Ç‡πâ‡∏≤‡∏ß ‡πÅ‡∏•‡∏∞‡∏ô‡πâ‡∏≥‡∏Å‡∏∞‡∏ó‡∏¥
‡∏ß‡∏¥‡∏ò‡∏µ‡∏ó‡∏≥ ‡πÉ‡∏´‡πâ‡∏ô‡∏≥‡∏ó‡∏∏‡∏Å‡∏™‡πà‡∏ß‡∏ô‡∏õ‡∏£‡∏∞‡∏Å‡∏≠‡∏ö‡∏°‡∏≤‡∏ú‡∏™‡∏°‡∏Å‡∏±‡∏ô ‡∏ä‡πÇ‡∏•‡∏°‡πÉ‡∏´‡πâ‡∏ó‡∏±‡πà‡∏ß‡∏®‡∏µ‡∏£‡∏©‡∏∞ ‡∏ô‡∏ß‡∏î‡∏ó‡∏¥‡πâ‡∏á‡πÑ‡∏ß‡πâ‡∏™‡∏±‡∏Å‡∏û‡∏±‡∏Å‡∏£‡∏≤‡∏ß 30 ‡∏ô‡∏≤‡∏ó‡∏µ ‡πÅ‡∏•‡πâ‡∏ß‡∏à‡∏∂‡∏á‡∏•‡πâ‡∏≤‡∏á‡∏≠‡∏≠‡∏Å‡∏î‡πâ‡∏ß‡∏¢‡∏ô‡πâ‡∏≥‡∏™‡∏∞‡∏≠‡∏≤‡∏î ‡∏ß‡∏¥‡∏ò‡∏µ‡∏ô‡∏µ‡πâ‡∏à‡∏∞‡∏ä‡πà‡∏ß‡∏¢‡∏õ‡πâ‡∏≠‡∏á‡∏Å‡∏±‡∏ô‡∏≠‡∏≤‡∏Å‡∏≤‡∏£‡∏ú‡∏°‡∏´‡∏á‡∏≠‡∏Å‡∏Å‡πà‡∏≠‡∏ô‡∏ß‡∏±‡∏¢ ‡πÅ‡∏•‡∏∞‡∏¢‡∏±‡∏á‡∏ä‡πà‡∏ß‡∏¢‡πÄ‡∏û‡∏¥‡πà‡∏°‡∏Ñ‡∏ß‡∏≤‡∏°‡πÅ‡∏Ç‡πá‡∏á‡πÅ‡∏£‡∏á‡πÉ‡∏´‡πâ‡∏Å‡∏±‡∏ö‡πÄ‡∏™‡πâ‡∏ô‡∏ú‡∏° ‡∏ú‡∏°‡∏ô‡∏∏‡πà‡∏° ‡πÅ‡∏Å‡πâ‡∏õ‡∏±‡∏ç‡∏´‡∏≤‡∏ú‡∏°‡∏£‡πà‡∏ß‡∏á ‡∏•‡∏î‡∏≠‡∏≤‡∏Å‡∏≤‡∏£‡∏Ñ‡∏±‡∏ô‡∏ö‡∏ô‡∏´‡∏ô‡∏±‡∏á‡∏®‡∏µ‡∏£‡∏©‡∏∞ ‡πÄ‡∏™‡πâ‡∏ô‡∏ú‡∏°‡∏ó‡∏µ‡πà‡∏´‡∏•‡∏∏‡∏î‡∏à‡∏∞‡∏á‡∏≠‡∏Å‡πÉ‡∏´‡∏°‡πà‡πÑ‡∏î‡πâ‡πÄ‡∏£‡πá‡∏ß‡∏Ç‡∏∂‡πâ‡∏ô
2. ‡πÉ‡∏ö‡∏ù‡∏£‡∏±‡πà‡∏á ‡∏™‡∏£‡∏£‡∏û‡∏Ñ‡∏∏‡∏ì‡∏Ç‡∏≠‡∏á‡πÉ‡∏ö‡∏ù‡∏£‡∏±‡πà‡∏á‡∏ô‡∏≠‡∏Å‡∏à‡∏≤‡∏Å‡∏à‡∏∞‡∏ä‡πà‡∏ß‡∏¢‡πÅ‡∏Å‡πâ‡∏≠‡∏≤‡∏Å‡∏≤‡∏£‡∏ó‡πâ‡∏≠‡∏á‡πÄ‡∏™‡∏µ‡∏¢‡πÅ‡∏•‡πâ‡∏ß ‡∏¢‡∏±‡∏á‡∏ä‡πà‡∏ß‡∏¢‡πÅ‡∏Å‡πâ‡∏õ‡∏±‡∏ç‡∏´‡∏≤‡∏≠‡∏≤‡∏Å‡∏≤‡∏£‡∏ú‡∏°‡∏Ç‡∏≤‡∏ß ‡∏ú‡∏°‡∏£‡πà‡∏ß‡∏á ‡πÅ‡∏•‡∏∞‡∏ö‡∏≥‡∏£‡∏∏‡∏á‡∏ú‡∏°‡πÄ‡∏™‡∏µ‡∏¢‡∏î‡πâ‡∏ß‡∏¢‡∏ô‡∏∞‡∏Ñ‡∏∞
‡∏ß‡∏¥‡∏ò‡∏µ‡∏ó‡∏≥ ‡∏ô‡∏≥‡πÉ‡∏ö‡∏ù‡∏£‡∏±‡πà‡∏á‡∏°‡∏≤‡πÉ‡∏ä‡πâ‡∏Å‡∏±‡∏ö‡πÄ‡∏™‡πâ‡∏ô‡∏ú‡∏°‡∏Ç‡∏≠‡∏á‡πÄ‡∏£‡∏≤‡∏Å‡πá‡∏Ñ‡∏∑‡∏≠ ‡∏ô‡∏≥‡πÉ‡∏ö‡∏ù‡∏£‡∏±‡πà‡∏á‡∏°‡∏≤‡∏ö‡∏î‡πÅ‡∏•‡∏∞‡∏°‡∏≤‡∏ú‡∏™‡∏°‡∏Å‡∏±‡∏ö‡∏ô‡πâ‡∏≥ ‡∏´‡∏°‡∏±‡∏Å‡∏ú‡∏°‡πÄ‡∏õ‡πá‡∏ô‡∏õ‡∏£‡∏∞‡∏à‡∏≥ ‡∏ô‡πâ‡∏≥‡πÉ‡∏ö‡∏ù‡∏£‡∏±‡πà‡∏á‡∏à‡∏∞‡∏ä‡πà‡∏ß‡∏¢‡πÄ‡∏õ‡∏•‡∏µ‡πà‡∏¢‡∏ô‡πÄ‡∏™‡πâ‡∏ô‡∏ú‡∏°‡∏ó‡∏µ‡πà‡πÄ‡∏õ‡πá‡∏ô‡∏™‡∏µ‡∏Ç‡∏≤‡∏ß‡∏Ç‡∏≠‡∏á‡πÄ‡∏£‡∏≤‡∏Å‡∏•‡∏±‡∏ö‡∏°‡∏≤‡πÄ‡∏õ‡πá‡∏ô‡∏™‡∏µ‡∏î‡∏≥‡∏î‡∏±‡∏á‡πÄ‡∏î‡∏¥‡∏°‡πÑ‡∏î‡πâ ‡∏≠‡∏µ‡∏Å‡∏ó‡∏±‡πâ‡∏á‡∏¢‡∏±‡∏á‡∏ä‡πà‡∏ß‡∏¢‡∏ö‡∏≥‡∏£‡∏∏‡∏á‡∏ú‡∏°‡πÉ‡∏´‡πâ‡∏î‡∏≥‡πÄ‡∏á‡∏≤‡∏á‡∏≤‡∏°‡∏Ç‡∏∂‡πâ‡∏ô‡∏î‡πâ‡∏ß‡∏¢
3. ‡πÉ‡∏ö‡∏ö‡∏±‡∏ß‡∏ö‡∏Å ‡∏ú‡∏±‡∏Å‡∏ò‡∏£‡∏£‡∏°‡∏ä‡∏≤‡∏ï‡∏¥‡∏≠‡∏¢‡πà‡∏≤‡∏á‡πÉ‡∏ö‡∏ö‡∏±‡∏ß‡∏ö‡∏Å ‡∏ô‡∏≠‡∏Å‡∏à‡∏≤‡∏Å‡∏à‡∏∞‡∏ä‡πà‡∏ß‡∏¢‡πÅ‡∏Å‡πâ‡∏≠‡∏≤‡∏Å‡∏≤‡∏£‡∏ä‡πâ‡∏≥‡πÉ‡∏ô‡πÅ‡∏•‡πâ‡∏ß ‡∏¢‡∏±‡∏á‡∏°‡∏µ‡∏™‡∏£‡∏£‡∏û‡∏Ñ‡∏∏‡∏ì‡∏ä‡πà‡∏ß‡∏¢‡∏õ‡πâ‡∏≠‡∏á‡∏Å‡∏±‡∏ô‡∏õ‡∏±‡∏ç‡∏´‡∏≤‡∏ú‡∏°‡∏´‡∏á‡∏≠‡∏Å‡∏Å‡πà‡∏≠‡∏ô‡∏ß‡∏±‡∏¢‡∏î‡πâ‡∏ß‡∏¢ ‡πÄ‡∏õ‡πá‡∏ô‡∏™‡∏°‡∏∏‡∏ô‡πÑ‡∏û‡∏£‡∏ó‡∏µ‡πà‡∏™‡∏≤‡∏°‡∏≤‡∏£‡∏ñ‡∏ó‡∏≥‡πÄ‡∏õ‡πá‡∏ô‡∏Ñ‡∏£‡∏µ‡∏°‡∏°‡∏≤‡∏´‡∏°‡∏±‡∏Å‡∏ú‡∏°‡πÑ‡∏î‡πâ
‡∏™‡∏π‡∏ï‡∏£‡∏ô‡∏µ‡πâ‡∏ó‡∏≥‡πÑ‡∏î‡πâ‡πÇ‡∏î‡∏¢ ‡∏ô‡∏≥‡πÉ‡∏ö‡∏ö‡∏±‡∏ß‡∏ö‡∏Å‡∏°‡∏≤‡∏õ‡∏±‡πà‡∏ô‡∏Å‡∏±‡∏ö‡∏ô‡πâ‡∏≥‡∏™‡∏∞‡∏≠‡∏≤‡∏î‡πÅ‡∏•‡πâ‡∏ß‡∏Å‡∏£‡∏≠‡∏á‡πÄ‡∏≠‡∏≤‡πÅ‡∏ï‡πà‡∏ô‡πâ‡∏≥ ‡∏´‡∏•‡∏±‡∏á‡∏à‡∏≤‡∏Å‡∏ô‡∏±‡πâ‡∏ô ‡∏ô‡∏≥‡∏°‡∏≤‡πÄ‡∏Ñ‡∏µ‡πà‡∏¢‡∏ß‡∏Å‡∏±‡∏ö‡∏ô‡πâ‡∏≥‡∏°‡∏∞‡∏û‡∏£‡πâ‡∏≤‡∏ß ‡∏Å‡πá‡πÄ‡∏õ‡πá‡∏ô‡∏≠‡∏±‡∏ô‡πÄ‡∏™‡∏£‡πá‡∏à‡πÄ‡∏£‡∏µ‡∏¢‡∏ö‡∏£‡πâ‡∏≠‡∏¢ ‡∏ô‡∏≥‡∏™‡∏π‡∏ï‡∏£‡∏ô‡πâ‡∏≥‡∏™‡∏°‡∏∏‡∏ô‡πÑ‡∏û‡∏£‡πÉ‡∏ö‡∏ö‡∏±‡∏ß‡∏ö‡∏Å‡∏ô‡∏µ‡πâ‡∏°‡∏≤‡∏ä‡πÇ‡∏•‡∏°‡∏®‡∏µ‡∏£‡∏©‡∏∞ ‡∏´‡∏°‡∏±‡∏Å‡∏ú‡∏°‡∏ó‡∏¥‡πâ‡∏á‡πÑ‡∏ß‡πâ‡∏£‡∏≤‡∏ß 5 ‡∏ô‡∏≤‡∏ó‡∏µ‡πÅ‡∏•‡πâ‡∏ß‡∏•‡πâ‡∏≤‡∏á‡∏≠‡∏≠‡∏Å‡∏î‡πâ‡∏ß‡∏¢‡∏ô‡πâ‡∏≥‡∏™‡∏∞‡∏≠‡∏≤‡∏î ‡∏´‡∏•‡∏±‡∏á‡∏à‡∏≤‡∏Å‡∏ô‡∏±‡πâ‡∏ô ‡∏à‡∏∂‡∏á‡∏™‡∏£‡∏∞‡∏ú‡∏°‡∏î‡πâ‡∏ß‡∏¢‡πÅ‡∏ä‡∏°‡∏û‡∏π‡∏ï‡∏≤‡∏°‡∏õ‡∏Å‡∏ï‡∏¥‡πÄ‡∏û‡∏∑‡πà‡∏≠‡∏î‡∏±‡∏ö‡∏Å‡∏•‡∏¥‡πà‡∏ô ‡∏´‡∏°‡∏±‡∏Å‡∏ú‡∏°‡∏™‡∏±‡∏õ‡∏î‡∏≤‡∏´‡πå‡∏•‡∏∞ 2 ‡∏Ñ‡∏£‡∏±‡πâ‡∏á ‡∏ä‡πà‡∏ß‡∏¢‡πÅ‡∏Å‡πâ‡∏õ‡∏±‡∏ç‡∏´‡∏≤‡∏ú‡∏°‡∏´‡∏á‡∏≠‡∏Å‡πÑ‡∏î‡πâ‡∏ä‡∏∞‡∏á‡∏±‡∏î‡πÄ‡∏•‡∏¢‡∏ó‡∏µ‡πÄ‡∏î‡∏µ‡∏¢‡∏ß
4. ‡∏ö‡∏≠‡∏£‡∏∞‡πÄ‡∏û‡πá‡∏î ‡∏°‡∏µ‡∏™‡∏£‡∏£‡∏û‡∏Ñ‡∏∏‡∏ì‡∏ä‡πà‡∏ß‡∏¢‡∏õ‡πâ‡∏≠‡∏á‡∏Å‡∏±‡∏ô‡∏ú‡∏°‡∏´‡∏á‡∏≠‡∏Å‡πÑ‡∏î‡πâ‡∏ú‡∏•‡∏î‡∏µ‡πÄ‡∏¢‡∏µ‡πà‡∏¢‡∏° ‡∏™‡∏π‡∏ï‡∏£‡∏ô‡∏µ‡πâ‡πÉ‡∏´‡πâ‡∏ô‡∏≥‡∏ö‡∏≠‡∏£‡∏∞‡πÄ‡∏û‡πá‡∏î‡∏™‡∏î‡∏´‡∏±‡πà‡∏ô‡∏£‡∏≤‡∏ß 3 ‡∏Å‡∏¥‡πÇ‡∏•‡∏Å‡∏£‡∏±‡∏° ‡∏ô‡∏≥‡∏°‡∏≤‡∏ï‡∏≥‡∏Ñ‡∏±‡πâ‡∏ô‡πÄ‡∏≠‡∏≤‡πÅ‡∏ï‡πà‡∏ô‡πâ‡∏≥ ‡∏ô‡∏≥‡∏ô‡πâ‡∏≥‡∏Ñ‡∏±‡πâ‡∏ô‡∏ö‡∏≠‡∏£‡∏∞‡πÄ‡∏û‡πá‡∏î‡∏ó‡∏µ‡πà‡πÑ‡∏î‡πâ‡∏°‡∏≤‡∏Ñ‡∏±‡πâ‡∏ô‡∏Å‡∏±‡∏ö‡∏°‡∏∞‡∏û‡∏£‡πâ‡∏≤‡∏ß‡∏Ç‡∏π‡∏î‡∏£‡∏≤‡∏ß 1 ‡∏Å‡∏¥‡πÇ‡∏•‡∏Å‡∏£‡∏±‡∏° ‡πÅ‡∏•‡∏∞‡∏Ñ‡∏±‡πâ‡∏ô‡πÄ‡∏≠‡∏≤‡πÅ‡∏ï‡πà‡∏ô‡πâ‡∏≥ ‡∏´‡∏•‡∏±‡∏á‡∏à‡∏≤‡∏Å‡∏ô‡∏±‡πâ‡∏ô‡∏ô‡∏≥‡∏ô‡πâ‡∏≥‡∏ó‡∏µ‡πà‡πÑ‡∏î‡πâ‡∏°‡∏≤‡∏ï‡∏±‡πâ‡∏á‡πÑ‡∏ü‡πÄ‡∏Ñ‡∏µ‡πà‡∏¢‡∏ß‡πÉ‡∏ô‡∏´‡∏°‡πâ‡∏≠ ‡∏ô‡∏≥‡∏Ç‡∏¥‡∏á‡∏™‡∏î‡∏ã‡∏≠‡∏¢‡∏ö‡∏≤‡∏á‡πÜ ‡∏£‡∏≤‡∏ß 1 ‡∏Å‡∏≥‡∏°‡∏∑‡∏≠ ‡∏•‡∏á‡πÑ‡∏õ‡πÄ‡∏Ñ‡∏µ‡πà‡∏¢‡∏ß‡∏ï‡∏≤‡∏°‡πÑ‡∏õ‡πÄ‡∏£‡∏∑‡πà‡∏≠‡∏¢‡πÜ ‡∏à‡∏ô‡∏ô‡πâ‡∏≥‡∏£‡∏∞‡πÄ‡∏´‡∏¢ ‡πÄ‡∏´‡∏•‡∏∑‡∏≠‡πÅ‡∏ï‡πà‡∏ô‡πâ‡∏≥‡∏°‡∏±‡∏ô ‡∏ô‡∏≥‡∏°‡∏≤‡∏Å‡∏£‡∏≠‡∏á‡∏î‡πâ‡∏ß‡∏¢‡∏ú‡πâ‡∏≤‡∏Ç‡∏≤‡∏ß‡∏ö‡∏≤‡∏á ‡∏Å‡πá‡∏à‡∏∞‡πÑ‡∏î‡πâ‡∏ô‡πâ‡∏≥‡∏°‡∏±‡∏ô‡πÄ‡∏Å‡πá‡∏ö‡πÑ‡∏ß‡πâ‡∏ô‡∏≥‡∏°‡∏≤‡∏ä‡πÇ‡∏•‡∏°‡∏ú‡∏°‡πÅ‡∏•‡∏∞‡∏ô‡∏ß‡∏î‡∏´‡∏ô‡∏±‡∏á‡∏®‡∏µ‡∏£‡∏©‡∏∞ ‡∏Å‡∏≤‡∏£‡∏ô‡∏≥‡∏°‡∏≤‡∏ô‡∏ß‡∏î‡∏®‡∏µ‡∏£‡∏©‡∏∞‡∏Ñ‡∏ß‡∏£‡∏ó‡∏≥‡∏≠‡∏¢‡πà‡∏≤‡∏á‡∏ô‡πâ‡∏≠‡∏¢ 15 ‡∏ô‡∏≤‡∏ó‡∏µ ‡∏´‡∏°‡∏±‡∏Å‡∏ú‡∏°‡∏ó‡∏¥‡πâ‡∏á‡πÑ‡∏ß‡πâ‡∏™‡∏±‡∏Å‡∏û‡∏±‡∏Å‡πÅ‡∏•‡πâ‡∏ß‡∏à‡∏∂‡∏á‡∏•‡πâ‡∏≤‡∏á‡∏≠‡∏≠‡∏Å‡∏î‡πâ‡∏ß‡∏¢‡∏ô‡πâ‡∏≥‡∏™‡∏∞‡∏≠‡∏≤‡∏î
‡∏™‡∏≥‡∏´‡∏£‡∏±‡∏ö‡πÉ‡∏Ñ‡∏£‡∏ó‡∏µ‡πà‡∏°‡∏µ‡∏õ‡∏±‡∏ç‡∏´‡∏≤‡∏ú‡∏°‡∏´‡∏á‡∏≠‡∏Å‡∏Å‡πà‡∏≠‡∏ô‡∏ß‡∏±‡∏¢ ‡∏´‡∏£‡∏∑‡∏≠‡∏ï‡πâ‡∏≠‡∏á‡∏Å‡∏≤‡∏£‡∏à‡∏∞‡∏õ‡πâ‡∏≠‡∏á‡∏Å‡∏±‡∏ô‡∏Å‡πà‡∏≠‡∏ô‡∏ó‡∏µ‡πà‡∏à‡∏∞‡∏°‡∏µ‡∏≠‡∏≤‡∏Å‡∏≤‡∏£‡∏ô‡∏µ‡πâ ‡∏•‡∏≠‡∏á‡∏ô‡∏≥ 4 ‡∏™‡∏π‡∏ï‡∏£‡∏™‡∏°‡∏∏‡∏ô‡πÑ‡∏û‡∏£‡∏î‡∏±‡∏á‡∏Å‡∏•‡πà‡∏≤‡∏ß‡πÑ‡∏õ‡πÉ‡∏ä‡πâ‡∏Å‡∏±‡∏ö‡πÄ‡∏™‡πâ‡∏ô‡∏ú‡∏°‡∏≠‡∏¢‡πà‡∏≤‡∏á‡∏™‡∏°‡πà‡∏≥‡πÄ‡∏™‡∏°‡∏≠ ‡∏≠‡∏¢‡πà‡∏≤‡∏•‡∏∑‡∏°‡∏ß‡πà‡∏≤‡∏ô‡∏≠‡∏Å‡∏à‡∏≤‡∏Å‡∏à‡∏∞‡∏ô‡∏≥‡∏™‡∏π‡∏ï‡∏£‡∏ô‡∏µ‡πâ‡πÑ‡∏õ‡πÉ‡∏ä‡πâ‡πÅ‡∏•‡πâ‡∏ß ‡∏Å‡∏≤‡∏£‡πÉ‡∏™‡πà‡πÉ‡∏à‡πÉ‡∏ô‡∏Å‡∏≤‡∏£‡∏£‡∏±‡∏ö‡∏õ‡∏£‡∏∞‡∏ó‡∏≤‡∏ô‡∏≠‡∏≤‡∏´‡∏≤‡∏£‡∏ó‡∏µ‡πà‡∏°‡∏µ‡∏ß‡∏¥‡∏ï‡∏≤‡∏°‡∏¥‡∏ô‡∏ï‡πà‡∏≤‡∏á‡πÜ ‡∏ó‡∏±‡πâ‡∏á‡∏ß‡∏¥‡∏ï‡∏≤‡∏°‡∏¥‡∏ô‡πÄ‡∏≠ ‡∏ß‡∏¥‡∏ï‡∏≤‡∏°‡∏¥‡∏ô‡∏ö‡∏µ ‡πÅ‡∏£‡πà‡∏ò‡∏≤‡∏ï‡∏∏‡∏ï‡πà‡∏≤‡∏á‡πÜ ‡πÅ‡∏•‡∏∞‡πÇ‡∏õ‡∏£‡∏ï‡∏µ‡∏ô ‡∏à‡∏∞‡∏ä‡πà‡∏ß‡∏¢‡∏ö‡∏≥‡∏£‡∏∏‡∏á‡πÄ‡∏™‡πâ‡∏ô‡∏ú‡∏° ‡∏£‡∏±‡∏Å‡∏©‡∏≤‡∏ú‡∏°‡∏´‡∏á‡∏≠‡∏Å ‡∏î‡∏π‡πÅ‡∏•‡∏™‡∏∏‡∏Ç‡∏†‡∏≤‡∏û‡∏´‡∏ô‡∏±‡∏á‡∏®‡∏µ‡∏£‡∏©‡∏∞‡πÉ‡∏´‡πâ‡πÅ‡∏Ç‡πá‡∏á‡πÅ‡∏£‡∏á‡∏î‡πâ‡∏ß‡∏¢‡∏Å‡∏≤‡∏£‡∏£‡∏±‡∏ö‡∏õ‡∏£‡∏∞‡∏ó‡∏≤‡∏ô‡∏≠‡∏≤‡∏´‡∏≤‡∏£‡∏ó‡∏µ‡πà‡∏°‡∏µ‡∏õ‡∏£‡∏∞‡πÇ‡∏¢‡∏ä‡∏ô‡πå‡∏Ñ‡∏ß‡∏ö‡∏Ñ‡∏π‡πà‡πÑ‡∏õ‡∏î‡πâ‡∏ß‡∏¢‡∏à‡∏∞‡∏î‡∏µ‡∏°‡∏≤‡∏Å ‡πÅ‡∏•‡∏∞‡∏ó‡∏µ‡πà‡∏™‡∏≥‡∏Ñ‡∏±‡∏ç‡∏≠‡∏¢‡πà‡∏≤‡πÄ‡∏Ñ‡∏£‡∏µ‡∏¢‡∏î ‡∏ô‡∏≠‡∏ô‡∏´‡∏•‡∏±‡∏ö‡∏û‡∏±‡∏Å‡∏ú‡πà‡∏≠‡∏ô‡∏≠‡∏¢‡πà‡∏≤‡∏á‡πÄ‡∏û‡∏µ‡∏¢‡∏á‡∏û‡∏≠ ‡πÄ‡∏û‡∏µ‡∏¢‡∏á‡πÄ‡∏ó‡πà‡∏≤‡∏ô‡∏µ‡πâ‡∏Ñ‡∏∏‡∏ì‡∏Å‡πá‡∏à‡∏∞‡∏°‡∏µ‡πÄ‡∏™‡πâ‡∏ô‡∏ú‡∏°‡∏î‡∏Å‡∏î‡∏≥‡πÄ‡∏á‡∏≤‡∏á‡∏≤‡∏° ‡πÑ‡∏°‡πà‡∏ï‡πâ‡∏≠‡∏á‡∏õ‡∏ß‡∏î‡∏´‡∏±‡∏ß‡∏Å‡∏±‡∏ö‡∏õ‡∏±‡∏ç‡∏´‡∏≤‡∏Å‡∏ß‡∏ô‡πÉ‡∏à‡∏Ç‡∏≠‡∏á‡πÄ‡∏™‡πâ‡∏ô‡∏ú‡∏°‡∏´‡∏á‡∏≠‡∏Å‡∏Å‡πà‡∏≠‡∏ô‡∏ß‡∏±‡∏¢‡∏≠‡∏µ‡∏Å‡∏ï‡πà‡∏≠‡πÑ‡∏õ",fake,https://www.antifakenewscenter.com/%e0%b8%9c%e0%b8%a5%e0%b8%b4%e0%b8%95%e0%b8%a0%e0%b8%b1%e0%b8%93%e0%b8%91%e0%b9%8c%e0%b8%aa%e0%b8%b8%e0%b8%82%e0%b8%a0%e0%b8%b2%e0%b8%9e/%e0%b8%82%e0%b9%88%e0%b8%b2%e0%b8%a7%e0%b8%9b%e0%b8%a5%e0%b8%ad%e0%b8%a1-%e0%b8%ad%e0%b8%a2%e0%b9%88%e0%b8%b2%e0%b9%81%e0%b8%8a%e0%b8%a3%e0%b9%8c-%e0%b9%81%e0%b8%81%e0%b9%89%e0%b8%9c%e0%b8%a1%e0%b8%ab%e0%b8%87%e0%b8%ad%e0%b8%81%e0%b9%84%e0%b8%94%e0%b9%89%e0%b8%94%e0%b9%89%e0%b8%a7%e0%b8%a2%e0%b8%a7%e0%b9%88%e0%b8%b2%e0%b8%99%e0%b8%ab%e0%b8%b2%e0%b8%87%e0%b8%88%e0%b8%a3%e0%b8%b0%e0%b9%80%e0%b8%82%e0%b9%89-%e0%b9%83%e0%b8%9a%e0%b8%9a%e0%b8%b1%e0%b8%a7%e0%b8%9a%e0%b8%81-%e0%b9%83%e0%b8%9a%e0%b8%9d%e0%b8%a3%e0%b8%b1%e0%b9%88%e0%b8%87-%e0%b9%81%e0%b8%a5%e0%b8%b0%e0%b8%9a%e0%b8%ad%e0%b8%a3%e0%b8%b0%e0%b9%80%e0%b8%9e%e0%b9%87%e0%b8%94/,fake,TP,
"‡∏£‡∏≤‡∏¢‡∏Å‡∏≤‡∏£ ‡∏´‡∏°‡∏≠‡∏ô‡∏≠‡∏Å‡∏Å‡∏∞‡∏•‡∏≤
‡∏ï‡∏≠‡∏ô ‡∏ß‡πâ‡∏≤‡∏ß ‡πÜ ‡πÜ ‡πÜ
...‡πÄ‡∏ö‡∏Ñ‡∏Å‡∏¥‡πâ‡∏á‡πÇ‡∏ã‡∏î‡∏≤‡∏Å‡∏±‡∏ö‡∏Å‡∏≤‡∏£‡πÉ‡∏ä‡πâ‡∏õ‡∏£‡∏∞‡πÇ‡∏¢‡∏ä‡∏ô‡πå‚Ä¶
‡πÄ‡∏ö‡∏Ñ‡∏Å‡∏¥‡πâ‡∏á‡πÇ‡∏ã‡∏î‡∏≤‡∏´‡∏£‡∏∑‡∏≠‡πÇ‡∏ã‡πÄ‡∏î‡∏µ‡∏¢‡∏°‡πÑ‡∏ö‡∏Ñ‡∏≤‡∏£‡πå‡∏ö‡∏≠‡πÄ‡∏ô‡∏ï‡∏°‡∏±‡∏Å‡∏°‡∏µ‡πÑ‡∏ß‡πâ‡πÉ‡∏ô‡∏ö‡πâ‡∏≤‡∏ô‡∏™‡∏≥‡∏´‡∏£‡∏±‡∏ö‡∏Å‡∏≤‡∏£‡∏≠‡∏ö‡∏Ç‡∏ô‡∏°‡πÅ‡∏•‡∏∞‡∏ß‡∏±‡∏ï‡∏ñ‡∏∏‡∏õ‡∏£‡∏∞‡∏™‡∏á‡∏Ñ‡πå‡πÉ‡∏ô‡∏Å‡∏≤‡∏£‡∏ó‡∏≥‡∏Ñ‡∏ß‡∏≤‡∏°‡∏™‡∏∞‡∏≠‡∏≤‡∏î ‚Äì ‡πÅ‡∏ï‡πà‡∏ô‡∏µ‡πà‡∏Ñ‡∏∑‡∏≠‡πÇ‡∏≠‡∏Å‡∏≤‡∏™‡∏î‡∏µ‡∏ó‡∏µ‡πà‡∏Ñ‡∏∏‡∏ì‡∏à‡∏∞‡πÑ‡∏î‡πâ‡∏£‡∏±‡∏ö‡∏£‡∏π‡πâ‡∏õ‡∏£‡∏∞‡πÇ‡∏¢‡∏ä‡∏ô‡πå‡∏≠‡∏¢‡πà‡∏≤‡∏á‡πÄ‡∏ï‡πá‡∏°‡∏ó‡∏µ‡πà‡πÉ‡∏ô‡∏ó‡∏∏‡∏Å‡πÅ‡∏á‡πà‡∏°‡∏∏‡∏°‡∏Ç‡∏≠‡∏á...‡πÄ‡∏ö‡∏Å‡∏Å‡∏¥‡πâ‡∏á‡πÇ‡∏ã‡∏î‡∏≤
‡∏™‡∏£‡∏∏‡∏õ‡∏™‡∏±‡πâ‡∏ô ‡πÜ 
‡πÉ‡∏ô‡∏£‡∏π‡∏õ‡πÅ‡∏ö‡∏ö‡∏ò‡∏£‡∏£‡∏°‡∏ä‡∏≤‡∏ï‡∏¥ ‡πÄ‡∏ö‡∏Ñ‡∏Å‡∏¥‡πâ‡∏á‡πÇ‡∏ã‡∏î‡∏≤‡πÄ‡∏õ‡πá‡∏ô‡∏ó‡∏µ‡πà‡∏£‡∏π‡πâ‡∏à‡∏±‡∏Å‡∏Å‡∏±‡∏ô‡∏ß‡πà‡∏≤‡πÄ‡∏õ‡πá‡∏ô nahcolite ‡∏ã‡∏∂‡πà‡∏á‡πÄ‡∏õ‡πá‡∏ô‡∏™‡πà‡∏ß‡∏ô‡∏´‡∏ô‡∏∂‡πà‡∏á‡∏Ç‡∏≠‡∏á‡πÅ‡∏£‡πà‡∏ò‡∏≤‡∏ï‡∏∏‡∏à‡∏≤‡∏Å‡∏ò‡∏£‡∏£‡∏°‡∏ä‡∏≤‡∏ï‡∏¥ Natron ‡∏ã‡∏∂‡πà‡∏á‡∏°‡∏µ‡πÇ‡∏ã‡πÄ‡∏î‡∏µ‡∏¢‡∏°‡πÑ‡∏ö‡∏Ñ‡∏≤‡∏£‡πå‡∏ö‡∏≠‡πÄ‡∏ô‡∏ï‡∏à‡∏≥‡∏ô‡∏ß‡∏ô‡∏°‡∏≤‡∏Å‡∏ó‡∏µ‡πà‡∏°‡∏µ‡∏Å‡∏≤‡∏£‡πÉ‡∏ä‡πâ‡∏°‡∏≤‡∏ï‡∏±‡πâ‡∏á‡πÅ‡∏ï‡πà‡∏™‡∏°‡∏±‡∏¢‡πÇ‡∏ö‡∏£‡∏≤‡∏ì ‡∏¢‡∏Å‡∏ï‡∏±‡∏ß‡∏≠‡∏¢‡πà‡∏≤‡∏á‡πÄ‡∏ä‡πà‡∏ô‡∏ä‡∏≤‡∏ß‡∏≠‡∏µ‡∏¢‡∏¥‡∏õ‡∏ï‡πå‡πÉ‡∏ä‡πâ Natron ‡πÄ‡∏õ‡πá‡∏ô‡∏™‡∏ö‡∏π‡πà‡πÄ‡∏û‡∏∑‡πà‡∏≠‡∏ß‡∏±‡∏ï‡∏ñ‡∏∏‡∏õ‡∏£‡∏∞‡∏™‡∏á‡∏Ñ‡πå‡πÉ‡∏ô‡∏Å‡∏≤‡∏£‡∏ó‡∏≥‡∏Ñ‡∏ß‡∏≤‡∏°‡∏™‡∏∞‡∏≠‡∏≤‡∏î ‡∏ï‡πà‡∏≠‡∏°‡∏≤‡∏£‡∏≤‡∏¢‡∏á‡∏≤‡∏ô‡∏ó‡∏≤‡∏á‡∏õ‡∏£‡∏∞‡∏ß‡∏±‡∏ï‡∏¥‡∏®‡∏≤‡∏™‡∏ï‡∏£‡πå‡∏ä‡∏µ‡πâ‡πÉ‡∏´‡πâ‡πÄ‡∏´‡πá‡∏ô‡∏ß‡πà‡∏≤‡∏´‡∏•‡∏≤‡∏¢‡∏≠‡∏≤‡∏£‡∏¢‡∏ò‡∏£‡∏£‡∏°‡πÉ‡∏ä‡πâ‡∏Å‡∏¥‡πâ‡∏á‡πÇ‡∏ã‡∏î‡∏≤‡πÄ‡∏°‡∏∑‡πà‡∏≠‡∏ï‡πâ‡∏≠‡∏á‡∏Å‡∏≤‡∏£‡∏ó‡∏≥‡∏Ç‡∏ô‡∏°‡∏õ‡∏±‡∏á‡πÅ‡∏•‡∏∞‡∏≠‡∏≤‡∏´‡∏≤‡∏£‡∏≠‡∏∑‡πà‡∏ô ‡πÜ ‡∏ó‡∏µ‡πà‡∏ï‡πâ‡∏≠‡∏á‡∏Å‡∏≤‡∏£‡∏Ñ‡∏ß‡∏≤‡∏°‡∏ü‡∏π
‡πÅ‡∏ï‡πà‡∏≠‡∏¢‡πà‡∏≤‡∏á‡πÑ‡∏£‡∏Å‡πá‡∏ï‡∏≤‡∏°‡∏à‡∏ô‡∏Å‡∏£‡∏∞‡∏ó‡∏±‡πà‡∏á‡∏ñ‡∏∂‡∏á‡∏õ‡∏µ 1846 ‡πÄ‡∏°‡∏∑‡πà‡∏≠ Dr. Austin Church ‡πÅ‡∏•‡∏∞ John Dwight ‡πÄ‡∏£‡∏¥‡πà‡∏°‡∏Å‡∏≤‡∏£‡∏ú‡∏•‡∏¥‡∏ï‡πÅ‡∏•‡∏∞‡∏à‡∏≥‡∏´‡∏ô‡πà‡∏≤‡∏¢‡∏™‡∏≤‡∏£‡∏ó‡∏µ‡πà‡πÄ‡∏£‡∏≤‡∏£‡∏π‡πâ‡∏Å‡∏±‡∏ô‡∏ß‡πà‡∏≤‡πÄ‡∏õ‡πá‡∏ô‡πÄ‡∏ö‡∏Ñ‡∏Å‡∏¥‡πâ‡∏á‡πÇ‡∏ã‡∏î‡∏≤‡∏à‡∏ô‡∏ñ‡∏∂‡∏á‡πÉ‡∏ô‡∏ß‡∏±‡∏ô‡∏ô‡∏µ‡πâ ‡∏à‡∏≤‡∏Å‡∏¢‡∏∏‡∏Ñ 1860 ‡πÄ‡∏õ‡πá‡∏ô‡∏ï‡πâ‡∏ô‡∏°‡∏≤‡πÄ‡∏ö‡∏Å‡∏Å‡∏¥‡πâ‡∏á‡πÇ‡∏ã‡∏î‡∏≤‡∏Å‡∏•‡∏≤‡∏¢‡πÄ‡∏õ‡πá‡∏ô‡∏à‡∏∏‡∏î‡πÄ‡∏î‡πà‡∏ô‡πÉ‡∏ô‡∏ï‡∏≥‡∏£‡∏≤‡∏î‡πâ‡∏≤‡∏ô‡∏≠‡∏≤‡∏´‡∏≤‡∏£‡πÅ‡∏•‡∏∞‡πÉ‡∏ô‡∏ä‡πà‡∏ß‡∏á‡∏ó‡∏®‡∏ß‡∏£‡∏£‡∏© 1930 ‡πÑ‡∏î‡πâ‡∏£‡∏±‡∏ö‡∏Å‡∏≤‡∏£‡πÇ‡∏Ü‡∏©‡∏ì‡∏≤‡∏≠‡∏¢‡πà‡∏≤‡∏á‡πÅ‡∏û‡∏£‡πà‡∏´‡∏•‡∏≤‡∏¢‡∏ß‡πà‡∏≤‡πÄ‡∏õ‡πá‡∏ô ""‡∏ï‡∏±‡∏ß‡πÅ‡∏ó‡∏ô‡∏™‡∏≤‡∏£‡∏ó‡∏≤‡∏á‡∏Å‡∏≤‡∏£‡πÅ‡∏û‡∏ó‡∏¢‡πå‡∏ó‡∏µ‡πà‡∏ú‡πà‡∏≤‡∏ô‡∏Å‡∏≤‡∏£‡∏û‡∏¥‡∏™‡∏π‡∏à‡∏ô‡πå"" (1) 
‡πÄ‡∏ö‡∏Ñ‡∏Å‡∏¥‡πâ‡∏á‡πÇ‡∏ã‡∏î‡∏≤‡∏≠‡∏≤‡∏à‡∏ä‡πà‡∏ß‡∏¢‡∏ï‡πà‡∏≠‡∏™‡∏π‡πâ‡∏Å‡∏±‡∏ö‡πÇ‡∏£‡∏Ñ‡∏´‡∏ß‡∏±‡∏î‡πÅ‡∏•‡∏∞‡πÑ‡∏Ç‡πâ‡∏´‡∏ß‡∏±‡∏î‡πÉ‡∏´‡∏ç‡πà
‡πÄ‡∏ö‡∏Å‡∏Å‡∏¥‡πâ‡∏á‡πÇ‡∏ã‡∏î‡∏≤‡∏™‡∏≤‡∏°‡∏≤‡∏£‡∏ñ‡∏ä‡πà‡∏ß‡∏¢‡∏£‡∏±‡∏Å‡∏©‡∏≤‡∏™‡∏°‡∏î‡∏∏‡∏•‡∏Å‡∏£‡∏î‡∏î‡πà‡∏≤‡∏á‡πÉ‡∏ô‡∏Å‡∏£‡∏∞‡πÅ‡∏™‡πÄ‡∏•‡∏∑‡∏≠‡∏î‡∏Ç‡∏≠‡∏á‡∏Ñ‡∏∏‡∏ì ‡∏ô‡∏µ‡πà‡∏Ñ‡∏∑‡∏≠‡∏û‡∏∑‡πâ‡∏ô‡∏ê‡∏≤‡∏ô‡∏ó‡∏µ‡πà‡∏≠‡∏¢‡∏π‡πà‡πÄ‡∏ö‡∏∑‡πâ‡∏≠‡∏á‡∏´‡∏•‡∏±‡∏á‡∏Å‡∏≤‡∏£‡πÉ‡∏ä‡πâ‡∏á‡∏≤‡∏ô‡∏ó‡∏µ‡πà‡πÅ‡∏ô‡∏∞‡∏ô‡∏≥‡πÄ‡∏û‡∏∑‡πà‡∏≠‡πÉ‡∏ä‡πâ‡∏ï‡πà‡∏≠‡∏ï‡πâ‡∏≤‡∏ô‡∏ó‡∏±‡πâ‡∏á‡πÇ‡∏£‡∏Ñ‡∏´‡∏ß‡∏±‡∏î‡πÅ‡∏•‡∏∞‡∏≠‡∏≤‡∏Å‡∏≤‡∏£‡∏Ñ‡∏•‡πâ‡∏≤‡∏¢‡πÑ‡∏Ç‡πâ‡∏´‡∏ß‡∏±‡∏î‡πÉ‡∏´‡∏ç‡πà ‡πÉ‡∏ô‡∏´‡∏ô‡∏±‡∏á‡∏™‡∏∑‡∏≠‡πÄ‡∏•‡πà‡∏°‡πÄ‡∏•‡πá‡∏Å ‡πÜ ‡∏Ç‡∏≠‡∏á‡∏û‡∏ß‡∏Å‡πÄ‡∏Ç‡∏≤ "" Arm & Hammer Baking Soda Medical Uses "" ‡∏ï‡∏µ‡∏û‡∏¥‡∏°‡∏û‡πå‡πÉ‡∏ô‡∏õ‡∏µ 1924 Dr. Volney S. Cheney ‡πÄ‡∏•‡πà‡∏≤‡∏ñ‡∏∂‡∏á‡∏Ñ‡∏ß‡∏≤‡∏°‡∏™‡∏≥‡πÄ‡∏£‡πá‡∏à‡∏ó‡∏≤‡∏á‡∏Ñ‡∏•‡∏¥‡∏ô‡∏¥‡∏Å‡∏Ç‡∏≠‡∏á‡πÄ‡∏Ç‡∏≤‡πÇ‡∏î‡∏¢‡πÉ‡∏ä‡πâ‡πÇ‡∏ã‡πÄ‡∏î‡∏µ‡∏¢‡∏°‡πÑ‡∏ö‡∏Ñ‡∏≤‡∏£‡πå‡∏ö‡∏≠‡πÄ‡∏ô‡∏ï‡πÉ‡∏ô‡∏Å‡∏≤‡∏£‡∏£‡∏±‡∏Å‡∏©‡∏≤‡πÑ‡∏Ç‡πâ‡∏´‡∏ß‡∏±‡∏î‡πÅ‡∏•‡∏∞‡πÑ‡∏Ç‡πâ‡∏´‡∏ß‡∏±‡∏î‡πÉ‡∏´‡∏ç‡πà(2)
""‡πÉ‡∏ô‡∏õ‡∏µ 1918 ‡πÅ‡∏•‡∏∞‡∏õ‡∏µ 1919 ‡πÉ‡∏ô‡∏Ç‡∏ì‡∏∞‡∏ó‡∏µ‡πà‡∏™‡∏´‡∏£‡∏±‡∏ê‡∏≠‡πÄ‡∏°‡∏£‡∏¥‡∏Å‡∏≤‡∏ï‡πà‡∏≠‡∏™‡∏π‡πâ‡∏Å‡∏±‡∏ö‡πÑ‡∏Ç‡πâ‡∏´‡∏ß‡∏±‡∏î‡πÉ‡∏´‡∏ç‡πà ‡∏°‡∏±‡∏ô‡∏ñ‡∏π‡∏Å‡∏ô‡∏≥‡πÉ‡∏ä‡πâ‡∏≠‡∏¢‡πà‡∏≤‡∏á‡πÄ‡∏≠‡∏≤‡∏à‡∏£‡∏¥‡∏á‡πÄ‡∏≠‡∏≤‡∏à‡∏±‡∏á‡πÅ‡∏•‡∏∞‡∏°‡∏µ‡∏Å‡∏≤‡∏£‡πÅ‡∏ô‡∏∞‡∏ô‡∏≥‡∏≠‡∏¢‡πà‡∏≤‡∏á‡πÄ‡∏õ‡πá‡∏ô‡∏ó‡∏≤‡∏á‡∏Å‡∏≤‡∏£‡∏ß‡πà‡∏≤‡∏ñ‡πâ‡∏≤‡∏£‡πà‡∏≤‡∏á‡∏Å‡∏≤‡∏¢‡πÄ‡∏õ‡πá‡∏ô‡∏î‡πà‡∏≤‡∏á‡∏î‡πâ‡∏ß‡∏¢‡πÇ‡∏ã‡πÄ‡∏î‡∏µ‡∏¢‡∏°‡πÑ‡∏ö‡∏Ñ‡∏≤‡∏£‡πå‡∏ö‡∏≠‡πÄ‡∏ô‡∏ï‡∏Å‡∏≤‡∏£‡πÇ‡∏à‡∏°‡∏ï‡∏µ‡∏Ç‡∏≠‡∏á‡πÇ‡∏£‡∏Ñ‡∏à‡∏∞‡πÑ‡∏°‡πà‡∏£‡∏∏‡∏ô‡πÅ‡∏£‡∏á ‡∏ô‡∏≠‡∏Å‡∏à‡∏≤‡∏Å‡∏ô‡∏µ‡πâ‡∏¢‡∏±‡∏á‡∏ä‡πà‡∏ß‡∏¢‡∏Å‡∏π‡πâ‡∏Ñ‡∏∑‡∏ô‡∏ú‡∏π‡πâ‡∏ó‡∏µ‡πà‡∏°‡∏µ‡∏Å‡∏≤‡∏£‡∏ï‡∏¥‡∏î‡πÄ‡∏ä‡∏∑‡πâ‡∏≠‡πÄ‡∏â‡∏µ‡∏¢‡∏ö‡∏û‡∏•‡∏±‡∏ô‡πÑ‡∏î‡πâ‡πÄ‡∏õ‡πá‡∏ô‡∏≠‡∏¢‡πà‡∏≤‡∏á‡∏î‡∏µ ‡∏ã‡∏∂‡πà‡∏á‡πÄ‡∏´‡πá‡∏ô‡πÑ‡∏î‡πâ‡∏ä‡∏±‡∏î‡∏ß‡πà‡∏≤‡∏™‡∏¥‡πà‡∏á‡∏ô‡∏µ‡πâ‡∏à‡∏∞‡∏ú‡∏•‡∏±‡∏Å‡∏î‡∏±‡∏ô‡∏Ñ‡πà‡∏≤ pH ‡πÑ‡∏õ‡πÉ‡∏ô‡∏ó‡∏¥‡∏®‡∏ó‡∏≤‡∏á‡∏ó‡∏µ‡πà‡∏ó‡∏≥‡πÉ‡∏´‡πâ‡πÄ‡∏õ‡πá‡∏ô‡∏î‡πà‡∏≤‡∏á
‡∏Å‡∏≤‡∏£‡πÉ‡∏ä‡πâ‡πÄ‡∏ö‡∏Ñ‡∏Å‡∏¥‡πâ‡∏á‡πÇ‡∏ã‡∏î‡∏≤‡πÄ‡∏û‡∏∑‡πà‡∏≠‡∏Å‡∏≤‡∏£‡∏£‡∏±‡∏Å‡∏©‡∏≤‡πÄ‡∏õ‡πá‡∏ô‡πÄ‡∏£‡∏∑‡πà‡∏≠‡∏á‡∏á‡πà‡∏≤‡∏¢‡πÅ‡∏•‡∏∞‡πÑ‡∏°‡πà‡πÄ‡∏õ‡πá‡∏ô‡∏≠‡∏±‡∏ô‡∏ï‡∏£‡∏≤‡∏¢‡πÅ‡∏°‡πâ‡∏ß‡πà‡∏≤‡∏Ñ‡∏∏‡∏ì‡∏à‡∏∞‡πÑ‡∏°‡πà‡∏°‡∏µ‡∏≠‡∏≤‡∏Å‡∏≤‡∏£‡∏´‡∏ß‡∏±‡∏î ‡πÄ‡∏û‡∏µ‡∏¢‡∏á‡πÅ‡∏Ñ‡πà‡∏•‡∏∞‡∏•‡∏≤‡∏¢‡πÄ‡∏ö‡∏Ñ‡∏Å‡∏¥‡πâ‡∏á‡πÇ‡∏ã‡∏î‡∏≤‡πÉ‡∏ô‡∏ô‡πâ‡∏≥‡πÄ‡∏¢‡πá‡∏ô‡πÅ‡∏•‡∏∞‡∏î‡∏∑‡πà‡∏°‡∏°‡∏±‡∏ô ‡∏õ‡∏£‡∏¥‡∏°‡∏≤‡∏ì‡∏ó‡∏µ‡πà‡πÅ‡∏ô‡∏∞‡∏ô‡∏≥‡∏à‡∏≤‡∏Å Arm & Hammer  ‡∏™‡∏≥‡∏´‡∏£‡∏±‡∏ö‡πÇ‡∏£‡∏Ñ‡∏´‡∏ß‡∏±‡∏î‡πÅ‡∏•‡∏∞‡πÑ‡∏Ç‡πâ‡∏´‡∏ß‡∏±‡∏î‡πÉ‡∏´‡∏ç‡πà‡πÉ‡∏ô‡∏õ‡∏µ 1925 ‡∏°‡∏µ‡∏î‡∏±‡∏á‡∏ô‡∏µ‡πâ
‡πÄ‡∏ö‡∏Ñ‡∏Å‡∏¥‡πâ‡∏á‡πÇ‡∏ã‡∏î‡∏≤ 
‡∏ß‡∏±‡∏ô‡∏ó‡∏µ‡πà 1 ‚Äì ‡πÉ‡∏ä‡πâ ¬Ω ‡∏ä‡πâ‡∏≠‡∏ô‡∏ä‡∏≤‡πÉ‡∏ô‡∏ô‡πâ‡∏≥‡πÄ‡∏¢‡πá‡∏ô‡∏ó‡∏∏‡∏Å2‡∏ä‡∏±‡πà‡∏ß‡πÇ‡∏°‡∏á 6 ‡∏Ñ‡∏£‡∏±‡πâ‡∏á‡∏ï‡πà‡∏≠‡∏ß‡∏±‡∏ô 
‡∏ß‡∏±‡∏ô‡∏ó‡∏µ‡πà 2 ‚Äì ‡πÉ‡∏ä‡πâ ¬Ω ‡∏ä‡πâ‡∏≠‡∏ô‡∏ä‡∏≤‡πÉ‡∏ô‡∏ô‡πâ‡∏≥‡πÄ‡∏¢‡πá‡∏ô‡∏ó‡∏∏‡∏Å2 ‡∏ä‡∏±‡πà‡∏ß‡πÇ‡∏°‡∏á 4 ‡∏Ñ‡∏£‡∏±‡πâ‡∏á‡∏ï‡πà‡∏≠‡∏ß‡∏±‡∏ô
‡∏ß‡∏±‡∏ô‡∏ó‡∏µ‡πà 3 ‚Äì ‡πÉ‡∏ä‡πâ ¬Ω ‡∏ä‡πâ‡∏≠‡∏ô‡∏ä‡∏≤‡πÉ‡∏ô‡∏ô‡πâ‡∏≥‡πÄ‡∏¢‡πá‡∏ô ‡∏ï‡∏≠‡∏ô‡πÄ‡∏ä‡πâ‡∏≤‡πÅ‡∏•‡∏∞‡∏ï‡∏≠‡∏ô‡πÄ‡∏¢‡πá‡∏ô‡πÅ‡∏•‡∏∞‡∏´‡∏•‡∏±‡∏á‡∏à‡∏≤‡∏Å‡∏ô‡∏±‡πâ‡∏ô¬Ω
‡∏ä‡πâ‡∏≠‡∏ô‡∏ä‡∏≤‡πÉ‡∏ô‡∏ô‡πâ‡∏≥‡πÄ‡∏¢‡πá‡∏ô‡∏ó‡∏∏‡∏Å‡∏ß‡∏±‡∏ô‡∏à‡∏ô‡∏Å‡∏ß‡πà‡∏≤‡∏≠‡∏≤‡∏Å‡∏≤‡∏£‡∏à‡∏∞‡∏´‡∏≤‡∏¢‡πÑ‡∏õ",fake,https://www.antifakenewscenter.com/%e0%b8%9c%e0%b8%a5%e0%b8%b4%e0%b8%95%e0%b8%a0%e0%b8%b1%e0%b8%93%e0%b8%91%e0%b9%8c%e0%b8%aa%e0%b8%b8%e0%b8%82%e0%b8%a0%e0%b8%b2%e0%b8%9e/%e0%b8%82%e0%b9%88%e0%b8%b2%e0%b8%a7%e0%b8%9b%e0%b8%a5%e0%b8%ad%e0%b8%a1-%e0%b8%ad%e0%b8%a2%e0%b9%88%e0%b8%b2%e0%b9%81%e0%b8%8a%e0%b8%a3%e0%b9%8c-%e0%b8%99%e0%b9%89%e0%b8%b3%e0%b8%94%e0%b8%b7%e0%b9%88%e0%b8%a1%e0%b8%9c%e0%b8%aa%e0%b8%a1%e0%b9%80%e0%b8%9a%e0%b8%84%e0%b8%81%e0%b8%b4%e0%b9%89%e0%b8%87%e0%b9%82%e0%b8%8b%e0%b8%94%e0%b8%b2-%e0%b8%8a%e0%b9%88%e0%b8%a7%e0%b8%a2%e0%b8%a3%e0%b8%b1%e0%b8%81%e0%b8%a9%e0%b8%b2%e0%b8%ad%e0%b8%b2%e0%b8%81%e0%b8%b2%e0%b8%a3%e0%b8%ab%e0%b8%a7%e0%b8%b1%e0%b8%94%e0%b9%84%e0%b8%94%e0%b9%89/,fake,TP,
"üåªüåª‡πÄ‡∏õ‡πá‡∏ô‡∏•‡∏°‡πÉ‡∏ô‡∏´‡πâ‡∏≠‡∏á‡∏ô‡πâ‡∏≥‚≠ï 
‡∏≠‡∏¢‡πà‡∏≤‡∏•‡∏∑‡∏°..(moon halo) ‡∏ô‡∏±‡πà‡∏á‡∏ö‡∏ô‡πÄ‡∏Å‡πâ‡∏≤‡∏≠‡∏µ‡πâ‡∏™‡∏ö‡∏≤‡∏¢ ‡πÜ‡πÄ‡∏û‡∏∑‡πà‡∏≠‡∏≠‡∏≤‡∏ö‡∏ô‡πâ‡∏≥  ‡πÄ‡∏£‡∏≤‡∏°‡∏±‡∏Å‡∏à‡∏∞‡πÑ‡∏î‡πâ‡∏¢‡∏¥‡∏ô‡πÄ‡∏™‡∏µ‡∏¢‡∏á ‡∏Ñ‡∏ô‡∏°‡∏µ‡∏≠‡∏≤‡∏Å‡∏≤‡∏£‚Äù‡∏ß‡∏π‡∏ö‡∏•‡πâ‡∏°‡∏•‡∏á‚Äù ‡∏Ç‡∏ì‡∏∞‡πÄ‡∏£‡∏¥‡πà‡∏°‡∏≠‡∏≤‡∏ö‡∏ô‡πâ‡∏≥  ‡∏ó‡∏≥‡πÑ‡∏°‡πÄ‡∏£‡∏≤‡πÑ‡∏°‡πà‡πÄ‡∏Ñ‡∏¢‡πÑ‡∏î‡πâ‡∏¢‡∏¥‡∏ô‡∏ß‡πà‡∏≤‚Äù‡∏ï‡∏Å‡∏ó‡∏µ‡πà‡∏≠‡∏∑‡πà‡∏ô‚Äù.? ‡πÄ‡∏°‡∏∑‡πà‡∏≠‡∏â‡∏±‡∏ô‡πÄ‡∏Ç‡πâ‡∏≤‡∏£‡πà‡∏ß‡∏°‡∏´‡∏•‡∏±‡∏Å‡∏™‡∏π‡∏ï‡∏£ ‡∏ß‡∏¥‡∏ñ‡∏µ‡∏ä‡∏µ‡∏ß‡∏¥‡∏ï‡∏ó‡∏µ‡πà‡∏°‡∏µ‡∏™‡∏∏‡∏Ç‡∏†‡∏≤‡∏û‡∏î‡∏µ‡∏®‡∏≤‡∏™‡∏ï‡∏£‡∏≤‡∏à‡∏≤‡∏£‡∏¢‡πå‡∏à‡∏≤‡∏Å‡∏™‡∏†‡∏≤‡∏Å‡∏≤‡∏£‡∏Å‡∏µ‡∏¨‡∏≤‡πÅ‡∏´‡πà‡∏á‡∏ä‡∏≤‡∏ï‡∏¥‡∏ã‡∏∂‡πà‡∏á‡πÄ‡∏Ç‡πâ‡∏≤‡∏£‡πà‡∏ß‡∏°‡∏´‡∏•‡∏±‡∏Å‡∏™‡∏π‡∏ï‡∏£‡∏ô‡∏µ‡πâ‡πÅ‡∏ô‡∏∞‡∏ô‡∏≥‡∏ß‡πà‡∏≤..>
‡∏Ñ‡∏∏‡∏ì‡πÑ‡∏°‡πà‡∏Ñ‡∏ß‡∏£...‚Äù‡∏™‡∏£‡∏∞‡∏ú‡∏°‡∏Å‡πà‡∏≠‡∏ô‡∏≠‡∏≤‡∏ö‡∏ô‡πâ‡∏≥‚Äù ‡πÅ‡∏•‡∏∞‡∏Ñ‡∏ß‡∏£‡∏•‡πâ‡∏≤‡∏á‡∏™‡πà‡∏ß‡∏ô‡∏≠‡∏∑‡πà‡∏ô ‡πÜ ‡∏Ç‡∏≠‡∏á‡∏£‡πà‡∏≤‡∏á‡∏Å‡∏≤‡∏¢‡∏Å‡πà‡∏≠‡∏ô  ‡πÄ‡∏ô‡∏∑‡πà‡∏≠‡∏á‡∏à‡∏≤‡∏Å‡πÄ‡∏°‡∏∑‡πà‡∏≠.‡∏®‡∏µ‡∏£‡∏©‡∏∞‡πÄ‡∏õ‡∏µ‡∏¢‡∏Å‡πÅ‡∏•‡∏∞‡πÄ‡∏¢‡πá‡∏ô ‡πÄ‡∏•‡∏∑‡∏≠‡∏î‡∏à‡∏∞‡πÑ‡∏´‡∏•‡πÑ‡∏õ‡∏ó‡∏µ‡πà‡∏®‡∏µ‡∏£‡∏©‡∏∞‡πÄ‡∏û‡∏∑‡πà‡∏≠‡πÉ‡∏´‡πâ‡∏£‡πà‡∏≤‡∏á‡∏Å‡∏≤‡∏¢‡∏≠‡∏ö‡∏≠‡∏∏‡πà‡∏ô  ‡∏´‡∏≤‡∏Å‡∏´‡∏•‡∏≠‡∏î‡πÄ‡∏•‡∏∑‡∏≠‡∏î‡πÅ‡∏Ñ‡∏ö‡∏•‡∏á‡∏Å‡πá‡∏°‡∏µ‡πÇ‡∏≠‡∏Å‡∏≤‡∏™‡∏ó‡∏µ‡πà‡∏à‡∏∞‡∏ó‡∏≥‡πÉ‡∏´‡πâ‡πÄ‡∏™‡πâ‡∏ô‡πÄ‡∏•‡∏∑‡∏≠‡∏î‡πÅ‡∏ï‡∏Å‡πÑ‡∏î‡πâ  ‡πÄ‡∏ô‡∏∑‡πà‡∏≠‡∏á‡∏à‡∏≤‡∏Å‡∏°‡∏±‡∏Å‡πÄ‡∏Å‡∏¥‡∏î‡∏Ç‡∏∂‡πâ‡∏ô‡πÉ‡∏ô‡∏´‡πâ‡∏≠‡∏á‡∏ô‡πâ‡∏≥‡∏≠‡∏¢‡πà‡∏≤‡∏•‡∏∑‡∏°‡∏™‡∏£‡πâ‡∏≤‡∏á‡∏Ñ‡∏ß‡∏≤‡∏°‡∏ï‡∏£‡∏∞‡∏´‡∏ô‡∏±‡∏Å‡∏£‡∏π‡πâ‡πÄ‡∏û‡∏∑‡πà‡∏≠‡∏´‡∏•‡∏µ‡∏Å‡πÄ‡∏•‡∏µ‡πà‡∏¢‡∏á‡πÑ‡∏°‡πà‡πÉ‡∏´‡πâ‡∏™‡∏ñ‡∏≤‡∏ô‡∏Å‡∏≤‡∏£‡∏ì‡πå‡∏ô‡∏µ‡πâ‡πÄ‡∏Å‡∏¥‡∏î‡∏Ç‡∏∂‡πâ‡∏ô‡∏≠‡∏µ‡∏Å
  1. ‡πÄ‡∏õ‡∏µ‡∏¢‡∏Å‡∏Å‡πà‡∏≠‡∏ô‡∏à‡∏≤‡∏Å‡∏ù‡πà‡∏≤‡πÄ‡∏ó‡πâ‡∏≤
  2. ‡∏ô‡πà‡∏≠‡∏á
  3. ‡∏ï‡πâ‡∏ô‡∏Ç‡∏≤
  4. ‡∏´‡∏ô‡πâ‡∏≤‡∏ó‡πâ‡∏≠‡∏á.
  5. ‡πÑ‡∏´‡∏•‡πà
  6. ‡∏´‡∏¢‡∏∏‡∏î‡∏ä‡∏±‡πà‡∏ß‡∏Ñ‡∏£‡∏≤‡∏ß 5-10 ‡∏ß‡∏¥‡∏ô‡∏≤‡∏ó‡∏µ
  üëâ‡πÄ‡∏£‡∏≤‡∏à‡∏∞‡∏£‡∏π‡πâ‡∏™‡∏∂‡∏Å‡∏£‡∏≤‡∏ß‡∏Å‡∏±‡∏ö‡∏ß‡πà‡∏≤‡∏°‡∏µ‡πÑ‡∏≠‡∏ô‡πâ‡∏≥ / ‡∏•‡∏°‡∏û‡∏±‡∏î‡∏≠‡∏≠‡∏Å‡∏°‡∏≤‡∏à‡∏≤‡∏Å‡∏£‡πà‡∏≤‡∏á‡∏Å‡∏≤‡∏¢‡∏à‡∏≤‡∏Å‡∏ô‡∏±‡πâ‡∏ô‡πÄ‡∏£‡∏≤‡∏Å‡πá‡πÑ‡∏õ‡∏≠‡∏≤‡∏ö‡∏ô‡πâ‡∏≥‡∏ï‡∏≤‡∏°‡∏õ‡∏Å‡∏ï‡∏¥
  üåª ‡∏†‡∏π‡∏°‡∏¥‡∏õ‡∏±‡∏ç‡∏ç‡∏≤: ‡πÄ‡∏ä‡πà‡∏ô‡πÄ‡∏î‡∏µ‡∏¢‡∏ß‡∏Å‡∏±‡∏ö‡πÅ‡∏Å‡πâ‡∏ß‡∏ó‡∏µ‡πà‡πÄ‡∏ï‡∏¥‡∏°‡∏ô‡πâ‡∏≥‡∏£‡πâ‡∏≠‡∏ô‡πÅ‡∏•‡πâ‡∏ß‡πÄ‡∏ï‡∏¥‡∏°‡∏ô‡πâ‡∏≥‡πÄ‡∏¢‡πá‡∏ô  ‡πÄ‡∏Å‡∏¥‡∏î‡∏≠‡∏∞‡πÑ‡∏£‡∏Ç‡∏∂‡πâ‡∏ô?     ‡πÅ‡∏Å‡πâ‡∏ß‡∏à‡∏∞‡πÅ‡∏ï‡∏Å‚ö° !!!
  üöø‡∏ñ‡πâ‡∏≤‡∏£‡πà‡∏≤‡∏á‡∏Å‡∏≤‡∏¢‡πÄ‡∏£‡∏≤ ... ‡∏û‡∏±‡∏á‡πÄ‡∏û‡∏£‡∏≤‡∏∞‡∏≠‡∏∞‡πÑ‡∏£?
   ‡∏≠‡∏∏‡∏ì‡∏´‡∏†‡∏π‡∏°‡∏¥‡∏£‡πà‡∏≤‡∏á‡∏Å‡∏≤‡∏¢‡∏Ç‡∏≠‡∏á‡πÄ‡∏£‡∏≤ ‡∏£‡πâ‡∏≠‡∏ô‡∏°‡∏≤‡∏Å‡πÅ‡∏•‡∏∞‡∏ô‡πâ‡∏≥‡∏Å‡πá‡πÄ‡∏¢‡πá‡∏ô‡∏°‡∏≤‡∏Å ‡∏î‡∏±‡∏á‡∏ô‡∏±‡πâ‡∏ô‡∏´‡∏≤‡∏Å‡πÄ‡∏£‡∏≤‡∏≠‡∏≤‡∏ö‡∏ô‡πâ‡∏≥‡πÉ‡∏´‡πâ‡∏£‡πà‡∏≤‡∏á‡∏Å‡∏≤‡∏¢‡∏´‡∏£‡∏∑‡∏≠‡∏£‡∏≤‡∏î‡∏®‡∏µ‡∏£‡∏©‡∏∞‡πÇ‡∏î‡∏¢‡∏ï‡∏£‡∏á ‡∏à‡∏∞‡πÄ‡∏õ‡πá‡∏ô‡∏≠‡∏±‡∏ô‡∏ï‡∏£‡∏≤‡∏¢‡∏ñ‡∏∂‡∏á‡πÅ‡∏Å‡πà‡∏ä‡∏µ‡∏ß‡∏¥‡∏ï‡πÑ‡∏î‡πâ‡πÄ‡∏ô‡∏∑‡πà‡∏≠‡∏á‡∏à‡∏≤‡∏Å‡πÄ‡∏™‡πâ‡∏ô‡πÄ‡∏•‡∏∑‡∏≠‡∏î‡πÅ‡∏ï‡∏Å
  üåª‡∏ô‡∏µ‡πà‡∏Ñ‡∏∑‡∏≠‡∏™‡∏≤‡πÄ‡∏´‡∏ï‡∏∏‡∏ó‡∏µ‡πà‡πÄ‡∏£‡∏≤‡∏°‡∏±‡∏Å‡∏à‡∏∞‡πÄ‡∏´‡πá‡∏ô‡∏Ñ‡∏ô‡∏•‡πâ‡∏°‡∏•‡∏á‡πÉ‡∏ô‡∏´‡πâ‡∏≠‡∏á‡∏ô‡πâ‡∏≥‡∏≠‡∏¢‡πà‡∏≤‡∏á‡∏Å‡∏£‡∏∞‡∏ó‡∏±‡∏ô‡∏´‡∏±‡∏ô  ‡πÄ‡∏£‡∏≤‡∏≠‡∏≤‡∏à‡πÄ‡∏õ‡πá‡∏ô‡πÇ‡∏£‡∏Ñ‡∏´‡∏•‡∏≠‡∏î‡πÄ‡∏•‡∏∑‡∏≠‡∏î‡∏™‡∏°‡∏≠‡∏á ‡∏´‡∏£‡∏∑‡∏≠‡πÑ‡∏°‡πÄ‡∏Å‡∏£‡∏ô ‡πÄ‡∏ô‡∏∑‡πà‡∏≠‡∏á‡∏à‡∏≤‡∏Å‡∏Å‡∏≤‡∏£‡∏≠‡∏≤‡∏ö‡∏ô‡πâ‡∏≥‡∏ú‡∏¥‡∏î‡∏ß‡∏¥‡∏ò‡∏µ
  üöø‡∏ß‡∏¥‡∏ò‡∏µ‡∏Å‡∏≤‡∏£‡∏≠‡∏≤‡∏ö‡∏ô‡πâ‡∏≥‡∏ô‡∏µ‡πâ ‡πÄ‡∏´‡∏°‡∏≤‡∏∞‡∏™‡∏≥‡∏´‡∏£‡∏±‡∏ö‡∏ó‡∏∏‡∏Å‡∏ß‡∏±‡∏¢‡πÇ‡∏î‡∏¢‡πÄ‡∏â‡∏û‡∏≤‡∏∞‡∏ú‡∏π‡πâ‡∏õ‡πà‡∏ß‡∏¢‡πÄ‡∏ö‡∏≤‡∏´‡∏ß‡∏≤‡∏ô‡∏Ñ‡∏ß‡∏≤‡∏°‡∏î‡∏±‡∏ô‡πÇ‡∏•‡∏´‡∏¥‡∏ï‡∏™‡∏π‡∏á ‡πÇ‡∏£‡∏Ñ‡∏´‡∏±‡∏ß‡πÉ‡∏à  ‡∏Ñ‡∏≠‡πÄ‡∏•‡∏™‡πÄ‡∏ï‡∏≠‡∏£‡∏≠‡∏•‡πÅ‡∏•‡∏∞‡πÑ‡∏°‡πÄ‡∏Å‡∏£‡∏ô )‡∏õ‡∏ß‡∏î‡∏®‡∏µ‡∏£‡∏©‡∏∞)  ‡∏£‡∏ß‡∏°‡∏ñ‡∏∂‡∏á‡∏ú‡∏π‡πâ‡∏™‡∏π‡∏á‡∏≠‡∏≤‡∏¢‡∏∏ ‡πÑ‡∏°‡πà‡∏Ñ‡∏ß‡∏£‡∏≠‡∏≤‡∏ö‡∏ô‡πâ‡∏≥‡πÄ‡∏¢‡πá‡∏ô‡πÄ‡∏û‡∏∑‡πà‡∏≠‡∏Ñ‡∏ß‡∏≤‡∏°‡∏õ‡∏•‡∏≠‡∏î‡∏†‡∏±‡∏¢‡πÅ‡∏•‡∏∞‡∏´‡∏≤‡πÄ‡∏Å‡πâ‡∏≤‡∏≠‡∏µ‡πâ‡∏ô‡∏±‡πà‡∏á‡∏≠‡∏≤‡∏ö‡∏ô‡πâ‡∏≥‡∏à‡∏∞‡∏î‡∏µ‡∏ó‡∏µ‡πà‡∏™‡∏∏‡∏î",fake,https://www.antifakenewscenter.com/%e0%b8%9c%e0%b8%a5%e0%b8%b4%e0%b8%95%e0%b8%a0%e0%b8%b1%e0%b8%93%e0%b8%91%e0%b9%8c%e0%b8%aa%e0%b8%b8%e0%b8%82%e0%b8%a0%e0%b8%b2%e0%b8%9e/%e0%b8%82%e0%b9%88%e0%b8%b2%e0%b8%a7%e0%b8%9b%e0%b8%a5%e0%b8%ad%e0%b8%a1-%e0%b8%ad%e0%b8%a2%e0%b9%88%e0%b8%b2%e0%b9%81%e0%b8%8a%e0%b8%a3%e0%b9%8c-%e0%b9%84%e0%b8%a1%e0%b9%88%e0%b8%84%e0%b8%a7-4/,fake,TP,52.95%
"...‡∏°‡∏∞‡∏£‡∏∞‡∏Ç‡∏µ‡πâ‡∏ô‡∏Å ‡∏•‡πâ‡∏≤‡∏á‡πÑ‡∏ï...
      ‡∏´‡∏°‡∏≠‡∏û‡∏∑‡πâ‡∏ô‡∏ö‡πâ‡∏≤‡∏ô‡πÑ‡∏ó‡∏¢ ‡πÅ‡∏°‡πâ‡∏Å‡∏£‡∏∞‡∏ó‡∏±‡πà‡∏á‡∏´‡∏°‡∏≠‡∏û‡∏∑‡πâ‡∏ô‡∏ö‡πâ‡∏≤‡∏ô‡πÄ‡∏ß‡∏µ‡∏¢‡∏î‡∏ô‡∏≤‡∏° ‡∏à‡∏∞‡πÉ‡∏ä‡πâ‡∏°‡∏∞‡∏£‡∏∞‡∏Ç‡∏µ‡πâ‡∏ô‡∏Å‡∏™‡∏î ‡∏´‡∏±‡πà‡∏ô‡πÄ‡∏õ‡πá‡∏ô‡πÅ‡∏ß‡πà‡∏ô‡πÜ‡∏£‡∏ß‡∏°‡∏ó‡∏±‡πâ‡∏á‡πÄ‡∏°‡πá‡∏î‡πÉ‡∏ô ‡∏ï‡∏≤‡∏Å‡πÅ‡∏î‡∏î‡πÉ‡∏´‡πâ‡πÅ‡∏´‡πâ‡∏á‡πÅ‡∏•‡πâ‡∏ß‡∏ô‡∏≥‡∏°‡∏≤‡∏Ñ‡∏±‡πà‡∏ß‡πÉ‡∏´‡πâ‡∏´‡∏≠‡∏° ‡∏ï‡πâ‡∏°‡∏Å‡∏¥‡∏ô‡∏ï‡πà‡∏≤‡∏á‡∏ô‡πâ‡∏≥ ‡∏£‡∏±‡∏Å‡∏©‡∏≤‡πÇ‡∏£‡∏Ñ‡πÑ‡∏ï ‡∏•‡πâ‡∏≤‡∏á‡πÑ‡∏ï ‡∏ó‡∏µ‡πà‡∏õ‡∏£‡∏∞‡πÄ‡∏ó‡∏®‡πÄ‡∏ß‡∏µ‡∏¢‡∏î‡∏ô‡∏≤‡∏° ‡πÄ‡∏Ç‡∏≤‡∏ó‡∏≥‡∏Ç‡∏≤‡∏¢ ‡∏Å‡∏•‡πà‡∏≠‡∏á‡∏•‡∏∞ ‡∏™‡∏≠‡∏á‡∏£‡πâ‡∏≠‡∏¢‡∏Å‡∏ß‡πà‡∏≤‡∏ö‡∏≤‡∏ó ‡πÄ‡∏•‡∏¢‡∏ô‡∏∞..
‡∏•‡∏≠‡∏á‡∏î‡∏π‡∏ô‡∏∞‡∏Ñ‡∏£‡∏±‡∏ö 
..‡∏ô‡∏≠‡∏Å‡∏à‡∏≤‡∏Å‡∏°‡∏µ‡∏™‡∏£‡∏£‡∏û‡∏Ñ‡∏∏‡∏ì ‡πÉ‡∏ô‡∏Å‡∏≤‡∏£‡∏•‡πâ‡∏≤‡∏á‡πÑ‡∏ï‡πÅ‡∏•‡πâ‡∏ß ‡∏°‡∏∞‡∏£‡∏∞‡∏Ç‡∏µ‡πâ‡∏ô‡∏Å‡∏¢‡∏±‡∏á‡∏•‡∏î‡∏ô‡πâ‡∏≥‡∏ï‡∏≤‡∏•‡πÑ‡∏î‡πâ‡∏î‡∏µ‡∏°‡∏≤‡∏Å 
Note. ‡∏°‡∏∞‡∏£‡∏∞‡πÑ‡∏°‡πà‡∏Ñ‡∏ß‡∏£‡∏Å‡∏¥‡∏ô‡∏™‡∏î‡∏ô‡∏∞‡∏Ñ‡∏£‡∏±‡∏ö‡πÄ‡∏û‡∏£‡∏≤‡∏∞‡∏à‡∏∞‡∏°‡∏µ‡∏≠‡∏≠‡∏Å‡∏ã‡∏≤‡πÄ‡∏•‡∏ï ‡πÄ‡∏õ‡πá‡∏ô‡∏™‡∏≤‡∏£‡∏°‡∏µ‡∏§‡∏ó‡∏ò‡∏¥‡πå‡πÉ‡∏ô‡∏Å‡∏≤‡∏£‡∏¢‡∏±‡∏ö‡∏¢‡∏±‡πâ‡∏á‡∏Å‡∏≤‡∏£‡∏î‡∏π‡∏î‡∏ã‡∏∂‡∏°‡∏Ç‡∏≠‡∏á‡πÅ‡∏Ñ‡∏•‡πÄ‡∏ã‡∏µ‡∏¢‡∏°‡πÅ‡∏•‡∏∞‡πÅ‡∏£‡πà‡∏ò‡∏≤‡∏ï‡∏∏‡∏™‡∏≥‡∏Ñ‡∏±‡∏ç‡∏´‡∏•‡∏≤‡∏¢‡∏ä‡∏ô‡∏¥‡∏î‡πÉ‡∏ô‡∏Å‡∏£‡∏∞‡πÅ‡∏™‡πÄ‡∏•‡∏∑‡∏≠‡∏î ‡∏°‡∏µ‡∏ú‡∏•‡πÄ‡∏™‡∏µ‡∏¢‡∏ï‡πà‡∏≠‡∏£‡πà‡∏≤‡∏á‡∏Å‡∏≤‡∏¢‡∏Ñ‡∏∑‡∏≠ ‡∏´‡∏≤‡∏Å‡∏£‡∏±‡∏ö‡∏õ‡∏£‡∏∞‡∏ó‡∏≤‡∏ô‡πÄ‡∏õ‡πá‡∏ô‡∏õ‡∏£‡∏∞‡∏à‡∏≥‡∏ó‡∏∏‡∏Å‡∏ß‡∏±‡∏ô‡πÉ‡∏ô‡∏õ‡∏£‡∏¥‡∏°‡∏≤‡∏ì‡∏°‡∏≤‡∏Å ‡∏≠‡∏≠‡∏Å‡∏ã‡∏≤‡πÄ‡∏•‡∏ï‡∏à‡∏∞‡πÄ‡∏Ç‡πâ‡∏≤‡πÑ‡∏õ‡∏ï‡∏Å‡∏ú‡∏•‡∏∂‡∏Å‡∏™‡∏∞‡∏™‡∏°‡πÉ‡∏ô‡πÑ‡∏ï‡πÅ‡∏•‡∏∞‡∏Å‡∏£‡∏∞‡πÄ‡∏û‡∏≤‡∏∞‡∏õ‡∏±‡∏™‡∏™‡∏≤‡∏ß‡∏∞‡∏ó‡∏≥‡πÉ‡∏´‡πâ‡πÄ‡∏õ‡πá‡∏ô‡∏ô‡∏¥‡πà‡∏ß‡πÑ‡∏î‡πâ..",fake,https://www.antifakenewscenter.com/%e0%b8%9c%e0%b8%a5%e0%b8%b4%e0%b8%95%e0%b8%a0%e0%b8%b1%e0%b8%93%e0%b8%91%e0%b9%8c%e0%b8%aa%e0%b8%b8%e0%b8%82%e0%b8%a0%e0%b8%b2%e0%b8%9e/%e0%b8%82%e0%b9%88%e0%b8%b2%e0%b8%a7%e0%b8%9b%e0%b8%a5%e0%b8%ad%e0%b8%a1-%e0%b8%ad%e0%b8%a2%e0%b9%88%e0%b8%b2%e0%b9%81%e0%b8%8a%e0%b8%a3%e0%b9%8c-%e0%b8%a1%e0%b8%b0%e0%b8%a3%e0%b8%b0%e0%b8%82%e0%b8%b5%e0%b9%89%e0%b8%99%e0%b8%81%e0%b8%95%e0%b8%b2%e0%b8%81%e0%b9%81%e0%b8%ab%e0%b9%89%e0%b8%87%e0%b9%81%e0%b8%a5%e0%b9%89%e0%b8%a7%e0%b8%99%e0%b8%b3%e0%b8%a1%e0%b8%b2%e0%b8%84%e0%b8%b1%e0%b9%88%e0%b8%a7-%e0%b8%95%e0%b9%89%e0%b8%a1%e0%b8%a3%e0%b8%b1%e0%b8%9a%e0%b8%9b%e0%b8%a3%e0%b8%b0%e0%b8%97%e0%b8%b2%e0%b8%99%e0%b8%a1%e0%b8%b5%e0%b8%aa%e0%b8%a3%e0%b8%a3%e0%b8%9e%e0%b8%84%e0%b8%b8%e0%b8%93%e0%b8%a3%e0%b8%b1%e0%b8%81%e0%b8%a9%e0%b8%b2%e0%b9%82%e0%b8%a3%e0%b8%84%e0%b9%84%e0%b8%95-%e0%b9%81%e0%b8%a5%e0%b8%b0%e0%b8%a5%e0%b9%89%e0%b8%b2%e0%b8%87%e0%b9%84%e0%b8%95/,fake,TP,
"‡∏™‡∏ñ‡∏≤‡∏ö‡∏±‡∏ô‡πÇ‡∏£‡∏Ñ‡∏ú‡∏¥‡∏ß‡∏´‡∏ô‡∏±‡∏á ‡πÄ‡∏ú‡∏¢‡∏ù‡∏∏‡πà‡∏ô‡∏•‡∏∞‡∏≠‡∏≠‡∏á‡∏Ç‡∏ô‡∏≤‡∏î‡πÄ‡∏•‡πá‡∏Å ‡∏´‡∏£‡∏∑‡∏≠‡∏ù‡∏∏‡πà‡∏ô PM 2.5 ‡∏ó‡∏µ‡πà‡πÄ‡∏Å‡∏¥‡∏ô‡∏Ñ‡πà‡∏≤‡∏°‡∏≤‡∏ï‡∏£‡∏ê‡∏≤‡∏ô‡∏ó‡∏±‡πâ‡∏á‡πÉ‡∏ô‡∏Å‡∏£‡∏∏‡∏á‡πÄ‡∏ó‡∏û ‡∏õ‡∏£‡∏¥‡∏°‡∏ì‡∏ë‡∏•‡πÅ‡∏•‡∏∞‡∏≠‡∏µ‡∏Å‡∏´‡∏•‡∏≤‡∏¢‡∏à‡∏±‡∏á‡∏´‡∏ß‡∏±‡∏î ‡∏ô‡∏≠‡∏Å‡∏à‡∏≤‡∏Å‡∏à‡∏∞‡∏ó‡∏≥‡πÉ‡∏´‡πâ‡∏°‡∏µ‡∏õ‡∏±‡∏ç‡∏´‡∏≤‡∏ï‡πà‡∏≠‡∏£‡∏∞‡∏ö‡∏ö‡∏ó‡∏≤‡∏á‡πÄ‡∏î‡∏¥‡∏ô‡∏´‡∏≤‡∏¢‡πÉ‡∏à ‡∏£‡∏∞‡∏ö‡∏ö‡∏´‡∏±‡∏ß‡πÉ‡∏à‡πÅ‡∏•‡∏∞‡∏´‡∏•‡∏≠‡∏î‡πÄ‡∏•‡∏∑‡∏≠‡∏î‡πÅ‡∏•‡πâ‡∏ß ‡∏¢‡∏±‡∏á‡∏™‡πà‡∏á‡∏ú‡∏•‡∏Å‡∏£‡∏∞‡∏ó‡∏ö‡∏ï‡πà‡∏≠‡∏ú‡∏¥‡∏ß‡∏´‡∏ô‡∏±‡∏á ‡∏ó‡∏≥‡πÉ‡∏´‡πâ‡∏ú‡∏¥‡∏ß‡πÄ‡∏™‡∏∑‡πà‡∏≠‡∏°‡∏ä‡∏£‡∏≤‡πÑ‡∏î‡πâ‡πÄ‡∏£‡πá‡∏ß‡∏Ç‡∏∂‡πâ‡∏ô‡∏ô‡∏≠‡∏Å‡πÄ‡∏´‡∏ô‡∏∑‡∏≠‡∏à‡∏≤‡∏Å‡∏õ‡∏±‡∏à‡∏à‡∏±‡∏¢‡∏ó‡∏≤‡∏á‡πÅ‡∏™‡∏á‡πÅ‡∏î‡∏î‡πÅ‡∏•‡∏∞‡∏Å‡∏≤‡∏£‡∏™‡∏π‡∏ö‡∏ö‡∏∏‡∏´‡∏£‡∏µ‡πà

‡∏ô‡∏û.‡∏™‡∏°‡∏®‡∏±‡∏Å‡∏î‡∏¥‡πå ‡∏≠‡∏£‡∏£‡∏Ü‡∏®‡∏¥‡∏•‡∏õ‡πå ‡∏≠‡∏ò‡∏¥‡∏ö‡∏î‡∏µ‡∏Å‡∏£‡∏°‡∏Å‡∏≤‡∏£‡πÅ‡∏û‡∏ó‡∏¢‡πå ‡πÄ‡∏õ‡∏¥‡∏î‡πÄ‡∏ú‡∏¢‡∏ß‡πà‡∏≤ ‡∏à‡∏≤‡∏Å‡∏Å‡∏£‡∏ì‡∏µ‡∏Å‡∏≤‡∏£‡πÄ‡∏™‡∏ô‡∏≠‡∏Ç‡πà‡∏≤‡∏ß ‡∏ú‡∏π‡πâ‡∏õ‡πà‡∏ß‡∏¢‡∏´‡∏ç‡∏¥‡∏á‡∏°‡∏µ‡∏≠‡∏≤‡∏Å‡∏≤‡∏£‡∏•‡∏°‡∏û‡∏¥‡∏©‡∏≠‡∏¢‡πà‡∏≤‡∏á‡∏´‡∏ô‡∏±‡∏Å ‡∏Ñ‡∏±‡∏ô‡∏ï‡∏≤‡∏°‡∏£‡πà‡∏≤‡∏á‡∏Å‡∏≤‡∏¢‡πÅ‡∏•‡∏∞‡∏õ‡∏ß‡∏î‡πÅ‡∏™‡∏ö‡∏ó‡∏±‡πâ‡∏á‡∏ï‡∏±‡∏ß ‡∏à‡∏ô‡∏≠‡∏≤‡∏Å‡∏≤‡∏£‡πÄ‡∏£‡∏¥‡πà‡∏°‡∏´‡∏ô‡∏±‡∏Å ‡∏ó‡∏±‡πâ‡∏á‡∏ï‡∏≤ ‡∏£‡∏≠‡∏ö‡∏õ‡∏≤‡∏Å ‡∏à‡∏°‡∏π‡∏Å ‡πÉ‡∏ö‡∏´‡∏ô‡πâ‡∏≤ ‡∏Ç‡∏≤‡∏´‡∏ô‡∏µ‡∏ö ‡∏Ç‡πâ‡∏≠‡∏û‡∏±‡∏ö‡∏ï‡πà‡∏≤‡∏á‡πÜ ‡πÅ‡∏•‡∏∞‡∏£‡∏π‡πâ‡∏™‡∏∂‡∏Å‡∏£‡πâ‡∏≠‡∏ô‡∏ó‡∏±‡πâ‡∏á‡∏ï‡∏±‡∏ß ‡∏Å‡∏¥‡∏ô‡∏¢‡∏≤‡πÅ‡∏•‡∏∞‡∏ó‡∏≤‡∏¢‡∏≤‡πÑ‡∏°‡πà‡∏´‡∏≤‡∏¢ ‡∏à‡∏∂‡∏á‡πÑ‡∏î‡πâ‡πÑ‡∏õ‡∏û‡∏ö‡πÅ‡∏û‡∏ó‡∏¢‡πå‡πÅ‡∏ï‡πà‡∏¢‡∏±‡∏á‡πÑ‡∏°‡πà‡∏™‡∏≤‡∏°‡∏≤‡∏£‡∏ñ‡∏£‡∏∞‡∏ö‡∏∏‡πÑ‡∏î‡πâ‡∏ß‡πà‡∏≤‡πÄ‡∏õ‡πá‡∏ô‡πÄ‡∏û‡∏£‡∏≤‡∏∞‡∏ù‡∏∏‡πà‡∏ô‡∏•‡∏∞‡∏≠‡∏≠‡∏á‡∏´‡∏£‡∏∑‡∏≠‡πÑ‡∏°‡πà ‡πÇ‡∏î‡∏¢‡∏ú‡∏π‡πâ‡∏õ‡πà‡∏ß‡∏¢‡∏°‡∏µ‡∏õ‡∏£‡∏∞‡∏ß‡∏±‡∏ï‡∏¥‡πÄ‡∏õ‡πá‡∏ô‡πÇ‡∏£‡∏Ñ‡πÅ‡∏û‡πâ‡∏ù‡∏∏‡πà‡∏ô ‡∏ú‡∏¥‡∏ß‡πÅ‡∏û‡πâ‡∏á‡πà‡∏≤‡∏¢ ‡πÅ‡∏•‡∏∞‡∏°‡∏µ‡∏≠‡∏≤‡∏Å‡∏≤‡∏£‡πÄ‡∏£‡∏¥‡πà‡∏°‡∏´‡∏≤‡∏¢‡πÉ‡∏à‡∏ï‡∏¥‡∏î‡∏Ç‡∏±‡∏î ‡∏à‡∏≤‡∏°‡∏ö‡πà‡∏≠‡∏¢ ‡∏°‡∏µ‡πÄ‡∏•‡∏∑‡∏≠‡∏î‡∏≠‡∏≠‡∏Å‡∏°‡∏≤‡∏ó‡∏≤‡∏á‡∏à‡∏°‡∏π‡∏Å‡∏Ñ‡πà‡∏≠‡∏ô‡∏Ç‡πâ‡∏≤‡∏á‡∏°‡∏≤‡∏Å ‡πÅ‡∏•‡∏∞‡πÑ‡∏´‡∏•‡πÑ‡∏°‡πà‡∏´‡∏¢‡∏∏‡∏î ‡πÅ‡∏û‡∏ó‡∏¢‡πå ‡∏ß‡∏ô‡∏¥‡∏à‡∏â‡∏±‡∏¢‡∏ß‡πà‡∏≤‡∏°‡∏µ‡∏†‡∏π‡∏°‡∏¥‡∏Ñ‡∏∏‡πâ‡∏°‡∏Å‡∏±‡∏ô‡∏ï‡πà‡∏≥‡∏Å‡∏ß‡πà‡∏≤‡∏Ñ‡∏ô‡∏õ‡∏Å‡∏ï‡∏¥‡∏ó‡∏±‡πà‡∏ß‡πÑ‡∏õ ‡∏ã‡∏∂‡πà‡∏á‡∏≠‡∏≤‡∏à‡∏à‡∏∞‡πÄ‡∏õ‡πá‡∏ô‡∏™‡∏≤‡πÄ‡∏´‡∏ï‡∏∏‡∏ó‡∏µ‡πà‡πÄ‡∏°‡∏∑‡πà‡∏≠‡πÄ‡∏à‡∏≠‡∏ù‡∏∏‡πà‡∏ô‡∏°‡∏≤‡∏Å‡πÜ ‡∏ó‡∏≥‡πÉ‡∏´‡πâ‡∏†‡∏π‡∏°‡∏¥‡πÅ‡∏û‡πâ‡∏Å‡∏≥‡πÄ‡∏£‡∏¥‡∏ö‡∏Ç‡∏∂‡πâ‡∏ô ‡πÅ‡∏•‡∏∞‡∏Å‡∏≤‡∏£‡∏ó‡∏µ‡πà‡πÄ‡∏õ‡πá‡∏ô‡∏Ñ‡∏ô‡πÄ‡∏•‡∏∑‡∏≠‡∏î‡∏≠‡∏≠‡∏Å‡∏á‡πà‡∏≤‡∏¢ ‡πÅ‡∏•‡∏∞‡πÑ‡∏´‡∏•‡πÑ‡∏°‡πà‡∏´‡∏¢‡∏∏‡∏î ‡∏≠‡∏≤‡∏à‡∏ó‡∏≥‡πÉ‡∏´‡πâ‡∏°‡∏µ‡πÄ‡∏•‡∏∑‡∏≠‡∏î‡πÑ‡∏´‡∏•‡∏≠‡∏≠‡∏Å‡∏°‡∏≤‡∏ó‡∏≤‡∏á‡∏à‡∏°‡∏π‡∏Å‡∏°‡∏≤‡∏Å

‡∏ó‡∏±‡πâ‡∏á‡∏ô‡∏µ‡πâ ‡∏ú‡∏¥‡∏ß‡∏´‡∏ô‡∏±‡∏á‡πÄ‡∏õ‡πá‡∏ô‡∏≠‡∏ß‡∏±‡∏¢‡∏ß‡∏∞‡∏´‡∏•‡∏±‡∏Å‡∏ó‡∏µ‡πà‡∏ï‡πâ‡∏≠‡∏á‡πÄ‡∏ú‡∏ä‡∏¥‡∏ç‡∏Å‡∏±‡∏ö‡∏™‡∏¥‡πà‡∏á‡πÅ‡∏ß‡∏î‡∏•‡πâ‡∏≠‡∏°‡πÅ‡∏•‡∏∞‡∏°‡∏•‡∏†‡∏≤‡∏ß‡∏∞‡∏ï‡πà‡∏≤‡∏á‡πÜ ‡∏ï‡∏•‡∏≠‡∏î‡πÄ‡∏ß‡∏•‡∏≤ ‡∏î‡∏±‡∏á‡∏ô‡∏±‡πâ‡∏ô‡∏à‡∏∂‡∏á‡πÑ‡∏°‡πà‡πÉ‡∏ä‡πà‡πÄ‡∏£‡∏∑‡πà‡∏≠‡∏á‡πÅ‡∏õ‡∏•‡∏Å‡∏ó‡∏µ‡πà‡∏ù‡∏∏‡πà‡∏ô‡∏•‡∏∞‡∏≠‡∏≠‡∏á‡∏î‡∏±‡∏á‡∏Å‡∏•‡πà‡∏≤‡∏ß‡∏à‡∏∞‡∏™‡πà‡∏á‡∏ú‡∏•‡∏ï‡πà‡∏≠‡∏ú‡∏¥‡∏ß‡∏´‡∏ô‡∏±‡∏á ‡∏î‡πâ‡∏ß‡∏¢‡∏Ç‡πâ‡∏≠‡∏°‡∏π‡∏•‡∏à‡∏≤‡∏Å‡∏á‡∏≤‡∏ô‡∏ß‡∏¥‡∏à‡∏±‡∏¢‡∏û‡∏ö‡∏ß‡πà‡∏≤ ‡∏ù‡∏∏‡πà‡∏ô‡∏•‡∏∞‡∏≠‡∏≠‡∏á‡∏Ç‡∏ô‡∏≤‡∏î‡πÄ‡∏•‡πá‡∏Å PM 2.5 ‡∏™‡∏≤‡∏°‡∏≤‡∏£‡∏ñ‡∏à‡∏±‡∏ö‡∏ï‡∏±‡∏ß‡∏Å‡∏±‡∏ö‡∏™‡∏≤‡∏£‡πÄ‡∏Ñ‡∏°‡∏µ‡πÅ‡∏•‡∏∞‡πÇ‡∏•‡∏´‡∏∞‡∏ï‡πà‡∏≤‡∏á‡πÜ ‡πÅ‡∏•‡∏∞‡∏ô‡∏≥‡∏û‡∏≤‡πÄ‡∏Ç‡πâ‡∏≤‡∏™‡∏π‡πà‡∏ú‡∏¥‡∏ß‡∏´‡∏ô‡∏±‡∏á ‡∏°‡∏µ‡∏ú‡∏•‡∏ó‡∏≥‡∏£‡πâ‡∏≤‡∏¢‡πÄ‡∏ã‡∏•‡∏•‡πå‡∏ú‡∏¥‡∏ß‡∏´‡∏ô‡∏±‡∏á‡πÇ‡∏î‡∏¢‡∏ï‡∏£‡∏á ‡πÅ‡∏•‡∏∞‡∏ó‡∏≥‡πÉ‡∏´‡πâ‡∏Å‡∏≤‡∏£‡∏ó‡∏≥‡∏á‡∏≤‡∏ô‡∏Ç‡∏≠‡∏á‡πÄ‡∏ã‡∏•‡∏•‡πå‡∏ú‡∏¥‡∏ß‡∏´‡∏ô‡∏±‡∏á‡∏ú‡∏¥‡∏î‡∏õ‡∏Å‡∏ï‡∏¥ ‡∏ó‡∏±‡πâ‡∏á‡πÉ‡∏ô‡∏î‡πâ‡∏≤‡∏ô‡∏Å‡∏•‡πÑ‡∏Å‡∏Å‡∏≤‡∏£‡∏õ‡πâ‡∏≠‡∏á‡∏Å‡∏±‡∏ô‡∏Ç‡∏≠‡∏á‡∏ú‡∏¥‡∏ß‡∏´‡∏ô‡∏±‡∏á‡∏à‡∏≤‡∏Å‡∏™‡∏¥‡πà‡∏á‡πÅ‡∏ß‡∏î‡∏•‡πâ‡∏≠‡∏°‡∏†‡∏≤‡∏¢‡∏ô‡∏≠‡∏Å‡πÅ‡∏•‡∏∞‡∏Å‡∏≤‡∏£‡∏ã‡πà‡∏≠‡∏°‡πÅ‡∏ã‡∏°‡∏ú‡∏¥‡∏ß‡∏´‡∏ô‡∏±‡∏á ‡∏Å‡∏£‡∏∞‡∏ï‡∏∏‡πâ‡∏ô‡πÉ‡∏´‡πâ‡πÄ‡∏Å‡∏¥‡∏î‡∏Å‡∏£‡∏∞‡∏ö‡∏ß‡∏ô‡∏Å‡∏≤‡∏£‡∏≠‡∏±‡∏Å‡πÄ‡∏™‡∏ö‡∏Ç‡∏≠‡∏á‡πÄ‡∏ã‡∏•‡∏•‡πå‡∏ú‡∏¥‡∏ß‡∏´‡∏ô‡∏±‡∏á ‡∏ó‡∏≥‡πÉ‡∏´‡πâ‡πÄ‡∏Å‡∏¥‡∏î‡∏ú‡∏∑‡πà‡∏ô‡∏Ñ‡∏±‡∏ô ‡πÇ‡∏î‡∏¢‡πÄ‡∏â‡∏û‡∏≤‡∏∞‡πÉ‡∏ô‡∏ú‡∏π‡πâ‡∏ó‡∏µ‡πà‡∏°‡∏µ‡πÇ‡∏£‡∏Ñ‡∏ú‡∏¥‡∏ß‡∏´‡∏ô‡∏±‡∏á‡∏≠‡∏¢‡∏π‡πà‡πÄ‡∏î‡∏¥‡∏° ‡πÄ‡∏ä‡πà‡∏ô ‡πÇ‡∏£‡∏Ñ‡∏†‡∏π‡∏°‡∏¥‡πÅ‡∏û‡πâ‡∏ú‡∏¥‡∏ß‡∏´‡∏ô‡∏±‡∏á‡∏´‡∏£‡∏∑‡∏≠‡πÇ‡∏£‡∏Ñ‡∏ú‡∏∑‡πà‡∏ô‡∏ú‡∏¥‡∏ß‡∏´‡∏ô‡∏±‡∏á‡∏≠‡∏±‡∏Å‡πÄ‡∏™‡∏ö ‡∏à‡∏∞‡∏°‡∏µ‡∏Å‡∏≤‡∏£‡∏£‡∏∞‡∏Ñ‡∏≤‡∏¢‡πÄ‡∏Ñ‡∏∑‡∏≠‡∏á‡∏Ñ‡∏±‡∏ô‡∏°‡∏≤‡∏Å‡∏¢‡∏¥‡πà‡∏á‡∏Ç‡∏∂‡πâ‡∏ô ‡∏ú‡∏∑‡πà‡∏ô‡∏Å‡∏≥‡πÄ‡∏£‡∏¥‡∏ö‡∏°‡∏≤‡∏Å‡∏Ç‡∏∂‡πâ‡∏ô‡πÑ‡∏î‡πâ

‡∏û‡∏ç.‡∏°‡∏¥‡πà‡∏á‡∏Ç‡∏ß‡∏±‡∏ç ‡∏ß‡∏¥‡∏ä‡∏±‡∏¢‡∏î‡∏¥‡∏©‡∏ê ‡∏ú‡∏π‡πâ‡∏≠‡∏≥‡∏ô‡∏ß‡∏¢‡∏Å‡∏≤‡∏£‡∏™‡∏ñ‡∏≤‡∏ö‡∏±‡∏ô‡πÇ‡∏£‡∏Ñ‡∏ú‡∏¥‡∏ß‡∏´‡∏ô‡∏±‡∏á ‡∏Å‡∏£‡∏°‡∏Å‡∏≤‡∏£‡πÅ‡∏û‡∏ó‡∏¢‡πå ‡∏Å‡∏•‡πà‡∏≤‡∏ß‡πÄ‡∏û‡∏¥‡πà‡∏°‡πÄ‡∏ï‡∏¥‡∏°‡∏ß‡πà‡∏≤ ‡∏Å‡∏≤‡∏£‡∏™‡∏±‡∏°‡∏ú‡∏±‡∏™‡∏Å‡∏±‡∏ö‡∏ù‡∏∏‡πà‡∏ô‡∏î‡∏±‡∏á‡∏Å‡∏•‡πà‡∏≤‡∏ß‡∏≠‡∏¢‡πà‡∏≤‡∏á‡∏ï‡πà‡∏≠‡πÄ‡∏ô‡∏∑‡πà‡∏≠‡∏á‡πÄ‡∏õ‡πá‡∏ô‡πÄ‡∏ß‡∏•‡∏≤‡∏ô‡∏≤‡∏ô ‡πÄ‡∏õ‡πá‡∏ô‡∏õ‡∏±‡∏à‡∏à‡∏±‡∏¢‡∏´‡∏ô‡∏∂‡πà‡∏á‡∏ó‡∏µ‡πà‡∏ó‡∏≥‡πÉ‡∏´‡πâ‡∏ú‡∏¥‡∏ß‡πÄ‡∏™‡∏∑‡πà‡∏≠‡∏°‡∏ä‡∏£‡∏≤‡πÑ‡∏î‡πâ‡πÄ‡∏£‡πá‡∏ß‡∏Ç‡∏∂‡πâ‡∏ô‡∏ô‡∏≠‡∏Å‡πÄ‡∏´‡∏ô‡∏∑‡∏≠‡∏à‡∏≤‡∏Å‡∏õ‡∏±‡∏à‡∏à‡∏±‡∏¢‡∏ó‡∏≤‡∏á‡πÅ‡∏™‡∏á‡πÅ‡∏î‡∏î‡πÅ‡∏•‡∏∞‡∏Å‡∏≤‡∏£‡∏™‡∏π‡∏ö‡∏ö‡∏∏‡∏´‡∏£‡∏µ‡πà ‡∏Å‡∏≤‡∏£‡∏®‡∏∂‡∏Å‡∏©‡∏≤‡πÉ‡∏ô‡∏õ‡∏£‡∏∞‡πÄ‡∏ó‡∏®‡πÄ‡∏¢‡∏≠‡∏£‡∏°‡∏ô‡∏µ‡πÅ‡∏•‡∏∞‡∏õ‡∏£‡∏∞‡πÄ‡∏ó‡∏®‡∏à‡∏µ‡∏ô ‡∏û‡∏ö‡∏ß‡πà‡∏≤‡∏Å‡∏≤‡∏£‡∏™‡∏±‡∏°‡∏ú‡∏±‡∏™‡∏Å‡∏±‡∏ö‡∏ù‡∏∏‡πà‡∏ô‡∏•‡∏∞‡∏≠‡∏≠‡∏á‡∏Ç‡∏ô‡∏≤‡∏î‡πÄ‡∏•‡πá‡∏Å‡πÄ‡∏õ‡πá‡∏ô‡πÄ‡∏ß‡∏•‡∏≤‡∏ô‡∏≤‡∏ô‡∏°‡∏µ‡∏ú‡∏•‡∏ó‡∏≥‡πÉ‡∏´‡πâ‡∏ú‡∏¥‡∏ß‡πÄ‡∏™‡∏∑‡πà‡∏≠‡∏°‡∏ä‡∏£‡∏≤ ‡πÇ‡∏î‡∏¢‡∏û‡∏ö‡∏Å‡∏≤‡∏£‡πÄ‡∏Å‡∏¥‡∏î‡∏à‡∏∏‡∏î‡∏î‡πà‡∏≤‡∏á‡∏î‡∏≥‡πÄ‡∏û‡∏¥‡πà‡∏°‡∏°‡∏≤‡∏Å‡∏Ç‡∏∂‡πâ‡∏ô‡∏ö‡∏£‡∏¥‡πÄ‡∏ß‡∏ì‡πÉ‡∏ö‡∏´‡∏ô‡πâ‡∏≤‡πÅ‡∏•‡∏∞‡∏Å‡∏≤‡∏£‡πÄ‡∏Å‡∏¥‡∏î‡∏£‡∏¥‡πâ‡∏ß‡∏£‡∏≠‡∏¢‡∏ö‡∏£‡∏¥‡πÄ‡∏ß‡∏ì‡∏£‡πà‡∏≠‡∏á‡πÅ‡∏Å‡πâ‡∏°‡∏°‡∏≤‡∏Å‡∏¢‡∏¥‡πà‡∏á‡∏Ç‡∏∂‡πâ‡∏ô‡∏î‡πâ‡∏ß‡∏¢ ‡∏ô‡∏≠‡∏Å‡∏à‡∏≤‡∏Å‡∏ô‡∏µ‡πâ‡∏¢‡∏±‡∏á‡∏û‡∏ö‡∏ß‡πà‡∏≤‡∏ù‡∏∏‡πà‡∏ô PM2.5 ‡∏°‡∏µ‡∏ú‡∏•‡∏Å‡∏£‡∏∞‡∏ó‡∏ö‡∏ï‡πà‡∏≠‡∏ú‡∏¥‡∏ß‡∏´‡∏ô‡∏±‡∏á‡πÑ‡∏î‡πâ‡∏ó‡∏±‡πâ‡∏á‡∏£‡∏∞‡∏¢‡∏∞‡∏™‡∏±‡πâ‡∏ô‡πÅ‡∏•‡∏∞‡∏£‡∏∞‡∏¢‡∏∞‡∏¢‡∏≤‡∏ß ‡∏î‡∏±‡∏á‡∏ô‡∏±‡πâ‡∏ô ‡∏Å‡∏≤‡∏£‡∏õ‡∏Å‡∏õ‡πâ‡∏≠‡∏á‡∏ú‡∏¥‡∏ß‡∏´‡∏ô‡∏±‡∏á‡πÉ‡∏´‡πâ‡∏™‡∏±‡∏°‡∏ú‡∏±‡∏™‡∏Å‡∏±‡∏ö‡∏ù‡∏∏‡πà‡∏ô‡∏î‡∏±‡∏á‡∏Å‡∏•‡πà‡∏≤‡∏ß‡πÉ‡∏´‡πâ‡∏ô‡πâ‡∏≠‡∏¢‡∏ó‡∏µ‡πà‡∏™‡∏∏‡∏î‡∏à‡∏∂‡∏á‡πÄ‡∏õ‡πá‡∏ô‡∏™‡∏¥‡πà‡∏á‡∏ó‡∏µ‡πà‡∏™‡∏≥‡∏Ñ‡∏±‡∏ç‡πÅ‡∏•‡∏∞‡∏à‡∏≥‡πÄ‡∏õ‡πá‡∏ô ‡πÇ‡∏î‡∏¢‡πÄ‡∏â‡∏û‡∏≤‡∏∞‡∏≠‡∏¢‡πà‡∏≤‡∏á‡∏¢‡∏¥‡πà‡∏á‡πÉ‡∏ô‡∏Ñ‡∏ô‡∏ó‡∏µ‡πà‡∏°‡∏µ‡πÇ‡∏£‡∏Ñ‡∏ú‡∏¥‡∏ß‡∏´‡∏ô‡∏±‡∏á‡∏≠‡∏¢‡∏π‡πà‡πÄ‡∏î‡∏¥‡∏°‡πÄ‡∏û‡∏∑‡πà‡∏≠‡∏õ‡πâ‡∏≠‡∏á‡∏Å‡∏±‡∏ô‡πÑ‡∏°‡πà‡πÉ‡∏´‡πâ‡πÇ‡∏£‡∏Ñ‡∏Å‡∏≥‡πÄ‡∏£‡∏¥‡∏ö‡∏°‡∏≤‡∏Å‡∏¢‡∏¥‡πà‡∏á‡∏Ç‡∏∂‡πâ‡∏ô",fact,https://www.antifakenewscenter.com/%e0%b8%9c%e0%b8%a5%e0%b8%b4%e0%b8%95%e0%b8%a0%e0%b8%b1%e0%b8%93%e0%b8%91%e0%b9%8c%e0%b8%aa%e0%b8%b8%e0%b8%82%e0%b8%a0%e0%b8%b2%e0%b8%9e/%e0%b8%9c%e0%b8%a5%e0%b8%a7%e0%b8%b4%e0%b8%88%e0%b8%b1%e0%b8%a2%e0%b9%80%e0%b8%9c%e0%b8%a2-pm-2-5-%e0%b8%97%e0%b8%b3%e0%b8%a3%e0%b9%89%e0%b8%b2%e0%b8%a2%e0%b8%9c%e0%b8%b4%e0%b8%a7%e0%b8%ab%e0%b8%99%e0%b8%b1%e0%b8%87-%e0%b9%80%e0%b8%8b%e0%b8%a5%e0%b8%a5%e0%b9%8c%e0%b8%97%e0%b8%b3%e0%b8%87%e0%b8%b2%e0%b8%99%e0%b8%9c%e0%b8%b4%e0%b8%94%e0%b8%9b%e0%b8%81%e0%b8%95%e0%b8%b4-%e0%b9%80%e0%b8%81%e0%b8%b4%e0%b8%94%e0%b8%81%e0%b8%b2%e0%b8%a3%e0%b8%ad%e0%b8%b1%e0%b8%81%e0%b9%80%e0%b8%aa%e0%b8%9a%e0%b9%81%e0%b8%a5%e0%b8%b0%e0%b9%81%e0%b8%81%e0%b9%88%e0%b9%80%e0%b8%a3%e0%b9%87%e0%b8%a7-%e0%b8%88%e0%b8%a3%e0%b8%b4%e0%b8%87%e0%b8%ab%e0%b8%a3%e0%b8%b7%e0%b8%ad/,fact,TN,
"‡∏Å‡∏£‡∏°‡∏Ñ‡∏ß‡∏ö‡∏Ñ‡∏∏‡∏°‡πÇ‡∏£‡∏Ñ ‡∏Å‡∏£‡∏∞‡∏ó‡∏£‡∏ß‡∏á‡∏™‡∏≤‡∏ò‡∏≤‡∏£‡∏ì‡∏™‡∏∏‡∏Ç ‡πÄ‡∏ï‡∏∑‡∏≠‡∏ô‡∏£‡∏∞‡∏ß‡∏±‡∏á‡∏õ‡πà‡∏ß‡∏¢‡πÇ‡∏£‡∏Ñ‡∏Æ‡∏µ‡∏ó‡∏™‡πÇ‡∏ï‡∏£‡∏Å‡∏à‡∏≤‡∏Å‡∏≠‡∏≤‡∏Å‡∏≤‡∏®‡∏£‡πâ‡∏≠‡∏ô ‡πÇ‡∏î‡∏¢‡πÄ‡∏â‡∏û‡∏≤‡∏∞ 6 ‡∏Å‡∏•‡∏∏‡πà‡∏°‡πÄ‡∏™‡∏µ‡πà‡∏¢‡∏á ‡∏Ç‡∏≠‡πÉ‡∏´‡πâ‡∏î‡∏π‡πÅ‡∏•‡∏™‡∏∏‡∏Ç‡∏†‡∏≤‡∏û‡∏Ç‡∏≠‡∏á‡∏ï‡∏ô‡πÄ‡∏≠‡∏á‡πÅ‡∏•‡∏∞‡∏´‡∏•‡∏µ‡∏Å‡πÄ‡∏•‡∏µ‡πà‡∏¢‡∏á‡∏Å‡∏≤‡∏£‡∏≠‡∏¢‡∏π‡πà‡∏Å‡∏•‡∏≤‡∏á‡πÅ‡∏î‡∏î‡∏à‡∏±‡∏î ‡∏´‡∏•‡∏µ‡∏Å‡πÄ‡∏•‡∏µ‡πà‡∏¢‡∏á‡∏Å‡∏≤‡∏£‡∏î‡∏∑‡πà‡∏°‡πÄ‡∏´‡∏•‡πâ‡∏≤ ‡πÄ‡∏ô‡∏∑‡πà‡∏≠‡∏á‡∏à‡∏≤‡∏Å‡∏§‡∏ó‡∏ò‡∏¥‡πå‡πÅ‡∏≠‡∏•‡∏Å‡∏≠‡∏Æ‡∏≠‡∏•‡πå‡∏ó‡∏≥‡πÉ‡∏´‡πâ‡∏Ñ‡∏ß‡∏≤‡∏°‡∏î‡∏±‡∏ô‡πÇ‡∏•‡∏´‡∏¥‡∏ï‡∏™‡∏π‡∏á ‡∏´‡∏±‡∏ß‡πÉ‡∏à‡∏ó‡∏≥‡∏á‡∏≤‡∏ô‡∏´‡∏ô‡∏±‡∏Å‡∏Ç‡∏∂‡πâ‡∏ô ‡∏≠‡∏≤‡∏à‡∏ó‡∏≥‡πÉ‡∏´‡πâ‡∏ä‡πá‡∏≠‡∏Å‡πÅ‡∏•‡∏∞‡πÄ‡∏™‡∏µ‡∏¢‡∏ä‡∏µ‡∏ß‡∏¥‡∏ï

‡∏™‡∏≥‡∏´‡∏£‡∏±‡∏ö‡∏ú‡∏π‡πâ‡∏ó‡∏µ‡πà‡∏°‡∏µ‡∏Ñ‡∏ß‡∏≤‡∏°‡πÄ‡∏™‡∏µ‡πà‡∏¢‡∏á‡∏™‡∏π‡∏á‡∏Å‡∏ß‡πà‡∏≤‡∏Ñ‡∏ô‡∏ó‡∏±‡πà‡∏ß‡πÑ‡∏õ ‡∏°‡∏µ 6 ‡∏Å‡∏•‡∏∏‡πà‡∏° ‡πÑ‡∏î‡πâ‡πÅ‡∏Å‡πà 1. ‡∏ú‡∏π‡πâ‡∏ó‡∏µ‡πà‡∏ó‡∏≥‡∏á‡∏≤‡∏ô‡∏´‡∏£‡∏∑‡∏≠‡∏ó‡∏≥‡∏Å‡∏¥‡∏à‡∏Å‡∏£‡∏£‡∏°‡∏Å‡∏•‡∏≤‡∏á‡πÅ‡∏î‡∏î ‡πÄ‡∏ä‡πà‡∏ô ‡∏≠‡∏≠‡∏Å‡∏Å‡∏≥‡∏•‡∏±‡∏á‡∏Å‡∏≤‡∏¢ 2. ‡πÄ‡∏î‡πá‡∏Å‡πÄ‡∏•‡πá‡∏Å‡πÅ‡∏•‡∏∞‡∏ú‡∏π‡πâ‡∏™‡∏π‡∏á‡∏≠‡∏≤‡∏¢‡∏∏ ‡πÄ‡∏ô‡∏∑‡πà‡∏≠‡∏á‡∏à‡∏≤‡∏Å‡∏£‡πà‡∏≤‡∏á‡∏Å‡∏≤‡∏¢‡πÑ‡∏°‡πà‡∏™‡∏≤‡∏°‡∏≤‡∏£‡∏ñ‡∏£‡∏∞‡∏ö‡∏≤‡∏¢‡∏Ñ‡∏ß‡∏≤‡∏°‡∏£‡πâ‡∏≠‡∏ô‡πÑ‡∏î‡πâ‡∏î‡∏µ‡πÄ‡∏ó‡πà‡∏≤‡∏Ñ‡∏ô‡∏´‡∏ô‡∏∏‡πà‡∏°‡∏™‡∏≤‡∏ß 3. ‡∏ú‡∏π‡πâ‡∏ó‡∏µ‡πà‡∏°‡∏µ‡πÇ‡∏£‡∏Ñ‡∏õ‡∏£‡∏∞‡∏à‡∏≥‡∏ï‡∏±‡∏ß ‡πÄ‡∏ä‡πà‡∏ô ‡πÇ‡∏£‡∏Ñ‡∏Ñ‡∏ß‡∏≤‡∏°‡∏î‡∏±‡∏ô‡πÇ‡∏•‡∏´‡∏¥‡∏ï‡∏™‡∏π‡∏á ‡πÇ‡∏£‡∏Ñ‡∏´‡∏•‡∏≠‡∏î‡πÄ‡∏•‡∏∑‡∏≠‡∏î‡∏™‡∏°‡∏≠‡∏á 4. ‡∏ú‡∏π‡πâ‡∏ó‡∏µ‡πà‡∏°‡∏µ‡∏ô‡πâ‡∏≥‡∏´‡∏ô‡∏±‡∏Å‡∏ï‡∏±‡∏ß‡∏°‡∏≤‡∏Å 5. ‡∏ú‡∏π‡πâ‡∏ó‡∏µ‡πà‡∏û‡∏±‡∏Å‡∏ú‡πà‡∏≠‡∏ô‡πÑ‡∏°‡πà‡πÄ‡∏û‡∏µ‡∏¢‡∏á‡∏û‡∏≠ ‡πÇ‡∏î‡∏¢‡∏£‡πà‡∏≤‡∏á‡∏Å‡∏≤‡∏¢‡∏Ç‡∏≠‡∏á‡∏Ñ‡∏ô‡∏≠‡πâ‡∏ß‡∏ô‡πÅ‡∏•‡∏∞‡∏ú‡∏π‡πâ‡∏ó‡∏µ‡πà‡∏û‡∏±‡∏Å‡∏ú‡πà‡∏≠‡∏ô‡πÑ‡∏°‡πà‡πÄ‡∏û‡∏µ‡∏¢‡∏á‡∏û‡∏≠‡∏à‡∏∞‡∏ï‡∏≠‡∏ö‡∏™‡∏ô‡∏≠‡∏á‡∏ï‡πà‡∏≠‡∏Ñ‡∏ß‡∏≤‡∏°‡∏£‡πâ‡∏≠‡∏ô‡∏ó‡∏µ‡πà‡πÑ‡∏î‡πâ‡∏£‡∏±‡∏ö‡∏ä‡πâ‡∏≤‡∏Å‡∏ß‡πà‡∏≤‡∏õ‡∏Å‡∏ï‡∏¥ ‡πÅ‡∏•‡∏∞ 6. ‡∏ú‡∏π‡πâ‡∏ó‡∏µ‡πà‡∏î‡∏∑‡πà‡∏°‡πÄ‡∏Ñ‡∏£‡∏∑‡πà‡∏≠‡∏á‡∏î‡∏∑‡πà‡∏°‡πÅ‡∏≠‡∏•‡∏Å‡∏≠‡∏Æ‡∏≠‡∏•‡πå ‡πÇ‡∏î‡∏¢‡∏§‡∏ó‡∏ò‡∏¥‡πå‡∏Ç‡∏≠‡∏á‡πÅ‡∏≠‡∏•‡∏Å‡∏≠‡∏Æ‡∏≠‡∏•‡πå‡∏à‡∏∞‡∏ó‡∏≥‡πÉ‡∏´‡πâ‡πÄ‡∏™‡πâ‡∏ô‡πÄ‡∏•‡∏∑‡∏≠‡∏î‡∏ù‡∏≠‡∏¢‡πÉ‡∏ï‡πâ‡∏ú‡∏¥‡∏ß‡∏´‡∏ô‡∏±‡∏á‡∏Ç‡∏¢‡∏≤‡∏¢‡∏ï‡∏±‡∏ß‡πÑ‡∏î‡πâ‡∏°‡∏≤‡∏Å‡∏Ç‡∏∂‡πâ‡∏ô ‡∏ó‡∏≥‡πÉ‡∏´‡πâ‡∏£‡πà‡∏≤‡∏á‡∏Å‡∏≤‡∏¢‡∏™‡∏π‡∏ç‡πÄ‡∏™‡∏µ‡∏¢‡∏ô‡πâ‡∏≥‡πÅ‡∏•‡∏∞‡πÄ‡∏Å‡∏•‡∏∑‡∏≠‡πÅ‡∏£‡πà‡∏™‡∏π‡∏á‡∏Å‡∏ß‡πà‡∏≤‡∏Ñ‡∏ô‡∏ó‡∏µ‡πà‡πÑ‡∏°‡πà‡πÑ‡∏î‡πâ‡∏î‡∏∑‡πà‡∏° ‡∏ã‡∏∂‡πà‡∏á‡πÅ‡∏≠‡∏•‡∏Å‡∏≠‡∏Æ‡∏≠‡∏•‡πå‡∏à‡∏∞‡∏ñ‡∏π‡∏Å‡∏î‡∏π‡∏î‡∏ã‡∏∂‡∏°‡πÄ‡∏Ç‡πâ‡∏≤‡∏Å‡∏£‡∏∞‡πÅ‡∏™‡πÄ‡∏•‡∏∑‡∏≠‡∏î‡πÑ‡∏î‡πâ‡∏£‡∏ß‡∏î‡πÄ‡∏£‡πá‡∏ß ‡πÑ‡∏õ‡∏≠‡∏≠‡∏Å‡∏§‡∏ó‡∏ò‡∏¥‡πå‡∏Å‡∏£‡∏∞‡∏ï‡∏∏‡πâ‡∏ô‡∏´‡∏±‡∏ß‡πÉ‡∏à‡πÉ‡∏´‡πâ‡∏™‡∏π‡∏ö‡∏â‡∏µ‡∏î‡πÄ‡∏•‡∏∑‡∏≠‡∏î‡πÄ‡∏£‡πá‡∏ß‡πÅ‡∏•‡∏∞‡πÅ‡∏£‡∏á‡∏Ç‡∏∂‡πâ‡∏ô ‡∏ó‡∏≥‡πÉ‡∏´‡πâ‡∏Ñ‡∏ß‡∏≤‡∏°‡∏î‡∏±‡∏ô‡πÇ‡∏•‡∏´‡∏¥‡∏ï‡∏™‡∏π‡∏á‡∏Ç‡∏∂‡πâ‡∏ô ‡∏™‡πà‡∏á‡∏ú‡∏•‡πÉ‡∏´‡πâ‡∏´‡∏±‡∏ß‡πÉ‡∏à‡∏ó‡∏≥‡∏á‡∏≤‡∏ô‡∏´‡∏ô‡∏±‡∏Å‡πÄ‡∏û‡∏∑‡πà‡∏≠‡∏™‡∏π‡∏ö‡∏â‡∏µ‡∏î‡πÄ‡∏•‡∏∑‡∏≠‡∏î‡πÑ‡∏õ‡πÄ‡∏•‡∏µ‡πâ‡∏¢‡∏á‡∏£‡πà‡∏≤‡∏á‡∏Å‡∏≤‡∏¢ ‡∏≠‡∏≤‡∏à‡∏ó‡∏≥‡πÉ‡∏´‡πâ‡∏ä‡πá‡∏≠‡∏Å‡πÅ‡∏•‡∏∞‡πÄ‡∏™‡∏µ‡∏¢‡∏ä‡∏µ‡∏ß‡∏¥‡∏ï",fact,https://www.antifakenewscenter.com/%e0%b8%9c%e0%b8%a5%e0%b8%b4%e0%b8%95%e0%b8%a0%e0%b8%b1%e0%b8%93%e0%b8%91%e0%b9%8c%e0%b8%aa%e0%b8%b8%e0%b8%82%e0%b8%a0%e0%b8%b2%e0%b8%9e/%e0%b8%84%e0%b8%99-6-%e0%b8%81%e0%b8%a5%e0%b8%b8%e0%b9%88%e0%b8%a1-%e0%b8%97%e0%b8%b5%e0%b9%88%e0%b8%a1%e0%b8%b5%e0%b8%84%e0%b8%a7%e0%b8%b2%e0%b8%a1%e0%b9%80%e0%b8%aa%e0%b8%b5%e0%b9%88%e0%b8%a2%e0%b8%87%e0%b9%80%e0%b8%9b%e0%b9%87%e0%b8%99%e0%b8%ae%e0%b8%b5%e0%b8%97%e0%b8%aa%e0%b9%82%e0%b8%95%e0%b8%a3%e0%b8%81%e0%b8%a1%e0%b8%b2%e0%b8%81%e0%b8%81%e0%b8%a7%e0%b9%88%e0%b8%b2%e0%b8%84%e0%b8%99%e0%b8%97%e0%b8%b1%e0%b9%88%e0%b8%a7%e0%b9%84%e0%b8%9b-%e0%b8%88%e0%b8%a3%e0%b8%b4%e0%b8%87%e0%b8%ab%e0%b8%a3%e0%b8%b7%e0%b8%ad/,fact,TN,
‡∏Å‡∏≤‡∏£‡∏ï‡πà‡∏≠‡πÄ‡∏•‡πá‡∏ö‡∏õ‡∏•‡∏≠‡∏° ‡∏°‡∏µ‡∏Ñ‡∏ß‡∏≤‡∏°‡πÄ‡∏™‡∏µ‡πà‡∏¢‡∏á‡∏ó‡∏µ‡πà‡∏à‡∏∞‡∏ó‡∏≥‡πÉ‡∏´‡πâ‡πÄ‡∏•‡πá‡∏ö‡∏ï‡∏¥‡∏î‡πÄ‡∏ä‡∏∑‡πâ‡∏≠‡πÑ‡∏î‡πâ ‡∏™‡∏≤‡πÄ‡∏´‡∏ï‡∏∏‡∏™‡πà‡∏ß‡∏ô‡∏´‡∏ô‡∏∂‡πà‡∏á‡πÄ‡∏Å‡∏¥‡∏î‡∏à‡∏≤‡∏Å‡∏Ñ‡∏ß‡∏≤‡∏°‡∏™‡∏∞‡∏≠‡∏≤‡∏î‡∏Ç‡∏≠‡∏á‡πÄ‡∏Ñ‡∏£‡∏∑‡πà‡∏≠‡∏á‡∏°‡∏∑‡∏≠‡πÄ‡∏Ñ‡∏£‡∏∑‡πà‡∏≠‡∏á‡πÉ‡∏ä‡πâ‡∏Ç‡∏≠‡∏á‡∏£‡πâ‡∏≤‡∏ô‡πÄ‡∏™‡∏£‡∏¥‡∏°‡∏™‡∏ß‡∏¢ ‡∏î‡∏±‡∏á‡∏ô‡∏±‡πâ‡∏ô ‡∏£‡πâ‡∏≤‡∏ô‡πÄ‡∏™‡∏£‡∏¥‡∏°‡∏™‡∏ß‡∏¢ ‡∏à‡∏∞‡∏ï‡πâ‡∏≠‡∏á‡∏ó‡∏≥‡∏Ñ‡∏ß‡∏≤‡∏°‡∏™‡∏∞‡∏≠‡∏≤‡∏î‡πÄ‡∏Ñ‡∏£‡∏∑‡πà‡∏≠‡∏á‡∏°‡∏∑‡∏≠‡∏ó‡∏≥‡πÄ‡∏•‡πá‡∏ö ‡∏ï‡∏∞‡πÑ‡∏ö‡πÄ‡∏•‡πá‡∏ö ‡∏ó‡∏µ‡πà‡πÅ‡∏Ñ‡∏∞‡πÄ‡∏•‡πá‡∏ö ‡πÅ‡∏•‡∏∞‡∏ó‡∏µ‡πà‡∏ï‡∏±‡∏î‡πÄ‡∏•‡πá‡∏ö ‡πÇ‡∏î‡∏¢‡∏Ü‡πà‡∏≤‡πÄ‡∏ä‡∏∑‡πâ‡∏≠‡πÇ‡∏£‡∏Ñ‡∏î‡πâ‡∏ß‡∏¢‡πÄ‡∏≠‡∏ó‡∏¥‡∏•‡πÅ‡∏≠‡∏•‡∏Å‡∏≠‡∏Æ‡∏≠‡∏•‡πå ‡∏´‡∏•‡∏±‡∏á‡∏Å‡∏≤‡∏£‡πÉ‡∏ä‡πâ‡∏á‡∏≤‡∏ô‡∏ó‡∏∏‡∏Å‡∏Ñ‡∏£‡∏±‡πâ‡∏á ‡∏™‡∏≥‡∏´‡∏£‡∏±‡∏ö‡∏ä‡πà‡∏≤‡∏á‡∏ó‡∏≥‡πÄ‡∏•‡πá‡∏ö‡∏ô‡∏±‡πâ‡∏ô‡∏à‡∏∞‡∏ï‡πâ‡∏≠‡∏á‡∏î‡∏π‡πÅ‡∏•‡∏™‡∏∏‡∏Ç‡∏†‡∏≤‡∏û‡∏≠‡∏ô‡∏≤‡∏°‡∏±‡∏¢‡∏ï‡∏ô‡πÄ‡∏≠‡∏á‡πÉ‡∏´‡πâ‡πÅ‡∏Ç‡πá‡∏á‡πÅ‡∏£‡∏á ‡πÅ‡∏•‡∏∞‡∏£‡∏±‡∏Å‡∏©‡∏≤‡∏Ñ‡∏ß‡∏≤‡∏°‡∏™‡∏∞‡∏≠‡∏≤‡∏î‡∏≠‡∏¢‡πà‡∏≤‡∏á‡∏™‡∏°‡πà‡∏≥‡πÄ‡∏™‡∏°‡∏≠ ‡πÇ‡∏î‡∏¢‡πÉ‡∏™‡πà‡∏ú‡πâ‡∏≤‡∏õ‡∏¥‡∏î‡∏õ‡∏≤‡∏Å‡∏õ‡∏¥‡∏î‡∏à‡∏°‡∏π‡∏Å ‡∏£‡∏ß‡∏°‡∏ñ‡∏∂‡∏á‡∏°‡∏µ‡∏Å‡∏≤‡∏£‡∏ï‡∏£‡∏ß‡∏à‡∏™‡∏∏‡∏Ç‡∏†‡∏≤‡∏û‡∏õ‡∏£‡∏∞‡∏à‡∏≥‡∏õ‡∏µ ‡πÅ‡∏•‡∏∞‡∏°‡∏µ‡πÉ‡∏ö‡∏£‡∏±‡∏ö‡∏£‡∏≠‡∏á‡πÅ‡∏û‡∏ó‡∏¢‡πå ‡∏´‡∏≤‡∏Å‡πÄ‡∏õ‡πá‡∏ô‡πÇ‡∏£‡∏Ñ‡∏ï‡∏¥‡∏î‡∏ï‡πà‡∏≠ ‡∏ï‡πâ‡∏≠‡∏á‡∏£‡∏±‡∏Å‡∏©‡∏≤‡∏ï‡∏ô‡πÄ‡∏≠‡∏á‡∏à‡∏ô‡∏´‡∏≤‡∏¢‡πÄ‡∏õ‡πá‡∏ô‡∏õ‡∏Å‡∏ï‡∏¥,fact,https://www.antifakenewscenter.com/%e0%b8%9c%e0%b8%a5%e0%b8%b4%e0%b8%95%e0%b8%a0%e0%b8%b1%e0%b8%93%e0%b8%91%e0%b9%8c%e0%b8%aa%e0%b8%b8%e0%b8%82%e0%b8%a0%e0%b8%b2%e0%b8%9e/%e0%b8%95%e0%b9%88%e0%b8%ad%e0%b9%80%e0%b8%a5%e0%b9%87%e0%b8%9a%e0%b8%9b%e0%b8%a5%e0%b8%ad%e0%b8%a1%e0%b8%9a%e0%b9%88%e0%b8%ad%e0%b8%a2-%e0%b9%80%e0%b8%aa%e0%b8%b5%e0%b9%88%e0%b8%a2%e0%b8%87%e0%b8%95%e0%b8%b4%e0%b8%94%e0%b9%80%e0%b8%8a%e0%b8%b7%e0%b9%89%e0%b8%ad%e0%b8%97%e0%b8%b5%e0%b9%88%e0%b9%80%e0%b8%a5%e0%b9%87%e0%b8%9a-%e0%b9%81%e0%b8%a5%e0%b8%b0%e0%b8%99%e0%b8%b4%e0%b9%89%e0%b8%a7%e0%b8%a1%e0%b8%b7%e0%b8%ad-%e0%b8%88%e0%b8%a3%e0%b8%b4%e0%b8%87%e0%b8%ab%e0%b8%a3%e0%b8%b7%e0%b8%ad/,fact,TN,
‡∏Å‡∏±‡∏ç‡∏ä‡∏≤‡∏ó‡∏≥‡πÉ‡∏´‡πâ‡∏°‡∏∞‡πÄ‡∏£‡πá‡∏á‡πÑ‡∏°‡πà‡πÇ‡∏ï ‡πÅ‡∏Ñ‡∏£‡∏∞‡πÅ‡∏Å‡∏ô ‡πÄ‡∏´‡∏µ‡πà‡∏¢‡∏ß‡∏ï‡∏≤‡∏¢ ‡πÅ‡∏ö‡∏ö‡∏ï‡πâ‡∏ô‡πÑ‡∏°‡πâ‡∏Ç‡∏≤‡∏î‡∏ô‡πâ‡∏≥ ‡∏Ç‡∏≤‡∏î‡∏™‡∏≤‡∏£‡∏≠‡∏≤‡∏´‡∏≤‡∏£,fake,https://www.antifakenewscenter.com/%e0%b8%9c%e0%b8%a5%e0%b8%b4%e0%b8%95%e0%b8%a0%e0%b8%b1%e0%b8%93%e0%b8%91%e0%b9%8c%e0%b8%aa%e0%b8%b8%e0%b8%82%e0%b8%a0%e0%b8%b2%e0%b8%9e/%e0%b8%82%e0%b9%88%e0%b8%b2%e0%b8%a7%e0%b8%9b%e0%b8%a5%e0%b8%ad%e0%b8%a1-%e0%b8%ad%e0%b8%a2%e0%b9%88%e0%b8%b2%e0%b9%81%e0%b8%8a%e0%b8%a3%e0%b9%8c-%e0%b8%81%e0%b8%b1%e0%b8%8d%e0%b8%8a%e0%b8%b2%e0%b8%97%e0%b8%b3%e0%b9%83%e0%b8%ab%e0%b9%89%e0%b8%a1%e0%b8%b0%e0%b9%80%e0%b8%a3%e0%b9%87%e0%b8%87%e0%b9%84%e0%b8%a1%e0%b9%88%e0%b9%82%e0%b8%95-%e0%b9%81%e0%b8%84%e0%b8%a3%e0%b8%b0%e0%b9%81%e0%b8%81%e0%b8%99-%e0%b9%81%e0%b8%a5%e0%b8%b0%e0%b9%80%e0%b8%ab%e0%b8%b5%e0%b9%88%e0%b8%a2%e0%b8%a7%e0%b8%95%e0%b8%b2%e0%b8%a2/,fake,TP,
"‡∏ä‡πà‡∏≠‡∏á 9 ‡πÄ‡∏û‡∏¥‡πà‡∏á‡∏≠‡∏≠‡∏Å‡∏Ç‡πà‡∏≤‡∏ß‡∏†‡∏≤‡∏Ñ‡∏Ñ‡πà‡∏≥ ‡∏ß‡∏±‡∏ô‡∏ô‡∏µ‡πâ‡∏à‡πä‡∏∞.‡∏ï‡∏≠‡∏ô‡∏ô‡∏µ‡πâ‡∏û‡∏ö 11‡∏à‡∏±‡∏á‡∏´‡∏ß‡∏±‡∏î ‡∏£‡∏ß‡∏° 
‡∏Å‡∏ó‡∏° ‡∏î‡πâ‡∏ß‡∏¢.
‡∏Ñ‡∏≥‡πÄ‡∏ï‡∏∑‡∏≠‡∏ô‡∏î‡πà‡∏ß‡∏ô ‡πÉ‡∏´‡πâ‡∏£‡∏∞‡∏ß‡∏±‡∏á‡∏Å‡∏≤‡∏£‡πÉ‡∏ä‡πâ‡∏¢‡∏≤‡∏û‡∏≤‡∏£‡∏≤‡πÄ‡∏ã‡∏ó‡∏ï‡∏≤‡∏°‡πà‡∏≠‡∏ô‡∏ã‡∏∂‡πà‡∏á‡∏°‡∏µ‡∏ä‡∏∑‡πà‡∏≠‡∏ß‡πà‡∏≤ p/500 ‡πÄ‡∏õ‡πá‡∏ô‡∏¢‡∏≤‡∏ó‡∏µ‡πà‡∏≠‡∏≠‡∏Å‡πÉ‡∏´‡∏°‡πà ‡πÄ‡∏°‡πá‡∏î‡∏¢‡∏≤‡∏™‡∏µ‡∏Ç‡∏≤‡∏ß‡πÅ‡∏•‡∏∞‡πÄ‡∏Ñ‡∏•‡∏∑‡∏≠‡∏ö‡∏°‡∏±‡∏ô‡∏à‡∏ô‡πÄ‡∏õ‡πá‡∏ô‡∏õ‡∏£‡∏∞‡∏Å‡∏≤‡∏¢‡∏°‡∏≤‡∏Å ‡∏´‡∏°‡∏≠‡∏¢‡∏≤‡πÅ‡∏ô‡∏∞‡∏ô‡∏≥‡∏ß‡πà‡∏≤ ‡∏¢‡∏≤‡∏ô‡∏µ‡πâ‡∏°‡∏µ‡∏™‡πà‡∏ß‡∏ô‡∏ú‡∏™‡∏°‡∏Ç‡∏≠‡∏á‡πÑ‡∏ß‡∏£‡∏±‡∏™‡∏ä‡∏∑‡πà‡∏≠ ""‡πÅ‡∏°‡∏Ñ‡∏ä‡∏π‡πÇ‡∏õ""‡∏ã‡∏∂‡πà‡∏á‡πÄ‡∏õ‡πá‡∏ô‡πÑ‡∏ß‡∏£‡∏±‡∏™‡∏ó‡∏µ‡πà‡∏≠‡∏±‡∏ô‡∏ï‡∏£‡∏≤‡∏¢‡∏£‡πâ‡∏≤‡∏¢‡πÅ‡∏£‡∏á‡∏ä‡∏ô‡∏¥‡∏î‡∏´‡∏ô‡∏∂‡πà‡∏á‡∏Ç‡∏≠‡∏á‡πÇ‡∏•‡∏Å ‡πÇ‡∏õ‡∏£‡∏î‡∏Å‡∏£‡∏∞‡∏à‡∏≤‡∏¢‡∏Ç‡πà‡∏≤‡∏ß‡∏™‡∏≤‡∏£‡∏ô‡∏µ‡πâ‡πÉ‡∏´‡πâ‡∏õ‡∏£‡∏∞‡∏ä‡∏≤‡∏ä‡∏ô‡πÑ‡∏î‡πâ‡∏£‡∏±‡∏ö‡∏ó‡∏£‡∏≤‡∏ö‡∏£‡∏ß‡∏°‡∏ó‡∏±‡πâ‡∏á‡∏Ñ‡∏ô‡πÉ‡∏ô‡∏Ñ‡∏£‡∏≠‡∏ö‡∏Ñ‡∏£‡∏±‡∏ß‡∏î‡πâ‡∏ß‡∏¢ ‡πÄ‡∏û‡∏∑‡πà‡∏≠‡∏Ñ‡∏ß‡∏≤‡∏°‡∏õ‡∏•‡∏≠‡∏î‡∏†‡∏±‡∏¢‡∏ï‡πà‡∏≠‡∏ä‡∏µ‡∏ß‡∏¥‡∏ï‡πÅ‡∏•‡∏∞‡∏™‡∏∏‡∏Ç‡∏†‡∏≤‡∏û",fake,https://www.antifakenewscenter.com/%e0%b8%9c%e0%b8%a5%e0%b8%b4%e0%b8%95%e0%b8%a0%e0%b8%b1%e0%b8%93%e0%b8%91%e0%b9%8c%e0%b8%aa%e0%b8%b8%e0%b8%82%e0%b8%a0%e0%b8%b2%e0%b8%9e/%e0%b8%82%e0%b9%88%e0%b8%b2%e0%b8%a7%e0%b8%9b%e0%b8%a5%e0%b8%ad%e0%b8%a1-%e0%b8%ad%e0%b8%a2%e0%b9%88%e0%b8%b2%e0%b9%81%e0%b8%8a%e0%b8%a3%e0%b9%8c-%e0%b8%a2%e0%b8%b2%e0%b8%9e%e0%b8%b2%e0%b8%a3-4/,fake,TP,
"‡∏Ç‡πâ‡∏≠‡∏°‡∏π‡∏•‡∏á‡∏≤‡∏ô‡∏ß‡∏¥‡∏à‡∏±‡∏¢‡∏î‡πâ‡∏≤‡∏ô‡∏Å‡∏≤‡∏£‡πÉ‡∏ä‡πâ‡∏™‡∏≤‡∏£‡∏™‡∏Å‡∏±‡∏î‡πÄ‡∏ã‡∏ã‡∏≤‡∏°‡∏¥‡∏ô‡πÉ‡∏ô‡∏Å‡∏≤‡∏£‡∏ó‡∏≥‡∏•‡∏≤‡∏¢‡πÄ‡∏ã‡∏•‡∏•‡πå‡∏°‡∏∞‡πÄ‡∏£‡πá‡∏á‡∏ô‡∏±‡πâ‡∏ô‡∏™‡πà‡∏ß‡∏ô‡πÉ‡∏´‡∏ç‡πà‡πÄ‡∏õ‡πá‡∏ô‡∏Å‡∏≤‡∏£‡∏®‡∏∂‡∏Å‡∏©‡∏≤‡πÉ‡∏ô‡∏£‡∏∞‡∏î‡∏±‡∏ö‡πÄ‡∏ã‡∏•‡∏•‡πå‡πÅ‡∏•‡∏∞‡∏™‡∏±‡∏ï‡∏ß‡πå‡∏ó‡∏î‡∏•‡∏≠‡∏á ‡πÅ‡∏ï‡πà‡∏õ‡∏±‡∏à‡∏à‡∏∏‡∏ö‡∏±‡∏ô‡∏¢‡∏±‡∏á‡πÑ‡∏°‡πà‡∏°‡∏µ‡∏´‡∏•‡∏±‡∏Å‡∏ê‡∏≤‡∏ô‡∏á‡∏≤‡∏ô‡∏ß‡∏¥‡∏à‡∏±‡∏¢‡∏ó‡∏≤‡∏á‡∏Ñ‡∏•‡∏¥‡∏ô‡∏¥‡∏Å‡∏ó‡∏µ‡πà‡∏¢‡∏∑‡∏ô‡∏¢‡∏±‡∏ô‡πÅ‡∏ô‡πà‡∏ä‡∏±‡∏î‡∏ß‡πà‡∏≤‡∏™‡∏≤‡∏£‡∏î‡∏±‡∏á‡∏Å‡∏•‡πà‡∏≤‡∏ß‡∏™‡πà‡∏á‡∏ú‡∏•‡πÉ‡∏ô‡∏Å‡∏≤‡∏£‡∏ó‡∏≥‡∏•‡∏≤‡∏¢‡πÄ‡∏ã‡∏•‡∏•‡πå‡∏°‡∏∞‡πÄ‡∏£‡πá‡∏á‡πÉ‡∏ô‡∏°‡∏ô‡∏∏‡∏©‡∏¢‡πå ‡πÇ‡∏î‡∏¢‡πÄ‡∏ã‡∏ã‡∏≤‡∏°‡∏¥‡∏ô (Sesamin) ‡πÄ‡∏õ‡πá‡∏ô‡∏™‡∏≤‡∏£‡∏™‡∏≥‡∏Ñ‡∏±‡∏ç‡∏ó‡∏µ‡πà‡∏û‡∏ö‡πÑ‡∏î‡πâ‡∏à‡∏≤‡∏Å‡∏á‡∏≤‡∏î‡∏≥ ‡∏à‡∏±‡∏î‡∏≠‡∏¢‡∏π‡πà‡πÉ‡∏ô‡∏Å‡∏•‡∏∏‡πà‡∏°‡∏™‡∏≤‡∏£‡∏•‡∏¥‡∏Å‡πÅ‡∏ô‡∏ô‡∏ó‡∏µ‡πà‡∏™‡∏≤‡∏°‡∏≤‡∏£‡∏ñ‡∏•‡∏∞‡∏•‡∏≤‡∏¢‡πÑ‡∏î‡πâ‡πÉ‡∏ô‡πÑ‡∏Ç‡∏°‡∏±‡∏ô ‡∏ã‡∏∂‡πà‡∏á‡∏Ç‡πâ‡∏≠‡∏°‡∏π‡∏•‡∏Å‡∏≤‡∏£‡∏®‡∏∂‡∏Å‡∏©‡∏≤‡∏§‡∏ó‡∏ò‡∏¥‡πå‡∏ó‡∏≤‡∏á‡∏ä‡∏µ‡∏ß‡∏†‡∏≤‡∏û‡∏Ç‡∏≠‡∏á‡∏™‡∏≤‡∏£‡πÄ‡∏ã‡∏ã‡∏≤‡∏°‡∏¥‡∏ô‡πÉ‡∏ô‡∏î‡πâ‡∏≤‡∏ô‡∏ó‡∏µ‡πà‡πÄ‡∏Å‡∏µ‡πà‡∏¢‡∏ß‡∏Ç‡πâ‡∏≠‡∏á‡∏Å‡∏±‡∏ö‡πÇ‡∏£‡∏Ñ‡∏°‡∏∞‡πÄ‡∏£‡πá‡∏á ‡∏û‡∏ö‡∏ß‡πà‡∏≤‡∏™‡∏≤‡∏£‡∏ô‡∏µ‡πâ‡∏ó‡∏≥‡πÉ‡∏´‡πâ‡πÄ‡∏Å‡∏¥‡∏î‡∏Å‡∏•‡πÑ‡∏Å‡∏Å‡∏≤‡∏£‡∏¢‡∏±‡∏ö‡∏¢‡∏±‡πâ‡∏á‡∏Å‡∏≤‡∏£‡πÄ‡∏à‡∏£‡∏¥‡∏ç‡πÅ‡∏•‡∏∞‡∏Å‡∏≤‡∏£‡πÅ‡∏û‡∏£‡πà‡∏Å‡∏£‡∏∞‡∏à‡∏≤‡∏¢‡∏Ç‡∏≠‡∏á‡πÄ‡∏ã‡∏•‡∏•‡πå‡∏°‡∏∞‡πÄ‡∏£‡πá‡∏á‡πÑ‡∏î‡πâ ‡πÅ‡∏ï‡πà‡∏Ç‡πâ‡∏≠‡∏°‡∏π‡∏•‡∏™‡πà‡∏ß‡∏ô‡πÉ‡∏´‡∏ç‡πà‡πÄ‡∏õ‡πá‡∏ô‡∏Å‡∏≤‡∏£‡∏®‡∏∂‡∏Å‡∏©‡∏≤‡∏ß‡∏¥‡∏à‡∏±‡∏¢‡πÉ‡∏ô‡∏£‡∏∞‡∏î‡∏±‡∏ö‡∏´‡∏•‡∏≠‡∏î‡∏ó‡∏î‡∏•‡∏≠‡∏á‡πÅ‡∏•‡∏∞‡∏™‡∏±‡∏ï‡∏ß‡πå‡∏ó‡∏î‡∏•‡∏≠‡∏á‡πÄ‡∏ó‡πà‡∏≤‡∏ô‡∏±‡πâ‡∏ô ‡πÅ‡∏•‡∏∞‡∏õ‡∏±‡∏à‡∏à‡∏∏‡∏ö‡∏±‡∏ô‡∏¢‡∏±‡∏á‡πÑ‡∏°‡πà‡∏û‡∏ö‡∏£‡∏≤‡∏¢‡∏á‡∏≤‡∏ô‡∏ß‡∏¥‡∏à‡∏±‡∏¢‡∏ó‡∏≤‡∏á‡∏Ñ‡∏•‡∏¥‡∏ô‡∏¥‡∏Å‡∏ó‡∏µ‡πà‡∏¢‡∏∑‡∏ô‡∏¢‡∏±‡∏ô‡πÅ‡∏ô‡πà‡∏ä‡∏±‡∏î‡∏ñ‡∏∂‡∏á‡∏õ‡∏£‡∏∞‡∏™‡∏¥‡∏ó‡∏ò‡∏¥‡∏†‡∏≤‡∏û‡∏Ç‡∏≠‡∏á‡∏™‡∏≤‡∏£‡πÄ‡∏ã‡∏ã‡∏≤‡∏°‡∏¥‡∏ô‡πÉ‡∏ô‡∏Å‡∏≤‡∏£‡∏ó‡∏≥‡∏•‡∏≤‡∏¢‡πÄ‡∏ã‡∏•‡∏•‡πå‡∏°‡∏∞‡πÄ‡∏£‡πá‡∏á‡∏ó‡∏µ‡πà‡∏®‡∏∂‡∏Å‡∏©‡∏≤‡πÉ‡∏ô‡∏°‡∏ô‡∏∏‡∏©‡∏¢‡πå

‡∏≠‡∏¢‡πà‡∏≤‡∏á‡πÑ‡∏£‡∏Å‡πá‡∏ï‡∏≤‡∏° ‡∏Ñ‡∏ß‡∏£‡∏®‡∏∂‡∏Å‡∏©‡∏≤‡∏£‡∏≤‡∏¢‡∏•‡∏∞‡πÄ‡∏≠‡∏µ‡∏¢‡∏î‡∏î‡πâ‡∏≤‡∏ô‡∏™‡∏£‡∏£‡∏û‡∏Ñ‡∏∏‡∏ì ‡∏§‡∏ó‡∏ò‡∏¥‡πå‡∏ó‡∏≤‡∏á‡πÄ‡∏†‡∏™‡∏±‡∏ä‡∏ß‡∏¥‡∏ó‡∏¢‡∏≤ ‡πÅ‡∏•‡∏∞‡∏ß‡∏¥‡∏ò‡∏µ‡∏Å‡∏≤‡∏£‡πÉ‡∏ä‡πâ‡∏ú‡∏•‡∏¥‡∏ï‡∏†‡∏±‡∏ì‡∏ë‡πå‡πÄ‡∏™‡∏£‡∏¥‡∏°‡∏≠‡∏≤‡∏´‡∏≤‡∏£‡∏≠‡∏¢‡πà‡∏≤‡∏á‡∏ñ‡∏π‡∏Å‡∏ï‡πâ‡∏≠‡∏á ‡πÇ‡∏î‡∏¢‡πÄ‡∏â‡∏û‡∏≤‡∏∞‡∏ú‡∏π‡πâ‡∏õ‡πà‡∏ß‡∏¢‡πÇ‡∏£‡∏Ñ‡∏°‡∏∞‡πÄ‡∏£‡πá‡∏á‡∏Ñ‡∏ß‡∏£‡∏≠‡∏¢‡∏π‡πà‡∏†‡∏≤‡∏¢‡πÉ‡∏ï‡πâ‡∏Å‡∏≤‡∏£‡∏î‡∏π‡πÅ‡∏•‡∏Ç‡∏≠‡∏á‡πÅ‡∏û‡∏ó‡∏¢‡πå",fact,https://www.antifakenewscenter.com/%e0%b8%9c%e0%b8%a5%e0%b8%b4%e0%b8%95%e0%b8%a0%e0%b8%b1%e0%b8%93%e0%b8%91%e0%b9%8c%e0%b8%aa%e0%b8%b8%e0%b8%82%e0%b8%a0%e0%b8%b2%e0%b8%9e/%e0%b8%aa%e0%b8%b2%e0%b8%a3%e0%b9%80%e0%b8%8b%e0%b8%8b%e0%b8%b2%e0%b8%a1%e0%b8%b4%e0%b8%99%e0%b8%88%e0%b8%b2%e0%b8%81%e0%b8%87%e0%b8%b2%e0%b8%94%e0%b8%b3%e0%b8%8a%e0%b9%88%e0%b8%a7%e0%b8%a2%e0%b8%97%e0%b8%b3%e0%b8%a5%e0%b8%b2%e0%b8%a2%e0%b9%80%e0%b8%81%e0%b8%a3%e0%b8%b2%e0%b8%b0%e0%b9%80%e0%b8%8b%e0%b8%a5%e0%b8%a5%e0%b9%8c%e0%b8%a1%e0%b8%b0%e0%b9%80%e0%b8%a3%e0%b9%87%e0%b8%87-%e0%b9%82%e0%b8%94%e0%b8%a2%e0%b9%83%e0%b8%ab%e0%b9%89%e0%b9%80%e0%b8%a1%e0%b9%87%e0%b8%94%e0%b9%80%e0%b8%a5%e0%b8%b7%e0%b8%ad%e0%b8%94%e0%b8%82%e0%b8%b2%e0%b8%a7%e0%b9%80%e0%b8%82%e0%b9%89%e0%b8%b2%e0%b9%84%e0%b8%9b%e0%b8%97%e0%b8%b3%e0%b8%a5%e0%b8%b2%e0%b8%a2%e0%b8%95%e0%b8%b1%e0%b8%a7%e0%b9%80%e0%b8%8b%e0%b8%a5%e0%b8%a5%e0%b9%8c%e0%b8%a1%e0%b8%b0%e0%b9%80%e0%b8%a3%e0%b9%87%e0%b8%87%e0%b9%84%e0%b8%94%e0%b9%89-%e0%b8%88%e0%b8%a3%e0%b8%b4%e0%b8%87%e0%b8%ab%e0%b8%a3%e0%b8%b7%e0%b8%ad/,fake,FP,62.40%
‡∏õ‡∏•‡∏±‡∏î‡∏Å‡∏£‡∏∞‡∏ó‡∏£‡∏ß‡∏á‡∏™‡∏≤‡∏ò‡∏≤‡∏£‡∏ì‡∏™‡∏∏‡∏Ç ‡∏Å‡∏•‡πà‡∏≤‡∏ß‡∏ß‡πà‡∏≤ ‡πÄ‡∏ô‡∏∑‡πà‡∏≠‡∏á‡∏à‡∏≤‡∏Å‡∏Ç‡∏ì‡∏∞‡∏ô‡∏µ‡πâ‡πÄ‡∏õ‡πá‡∏ô‡∏ä‡πà‡∏ß‡∏á‡∏§‡∏î‡∏π‡∏ù‡∏ô ‡∏ô‡∏≠‡∏Å‡∏à‡∏≤‡∏Å‡πÇ‡∏£‡∏Ñ‡πÇ‡∏Ñ‡∏ß‡∏¥‡∏î 19 ‡∏ó‡∏µ‡πà‡∏°‡∏µ‡πÅ‡∏ô‡∏ß‡πÇ‡∏ô‡πâ‡∏°‡∏Å‡∏≤‡∏£‡∏ï‡∏¥‡∏î‡πÄ‡∏ä‡∏∑‡πâ‡∏≠‡πÄ‡∏û‡∏¥‡πà‡∏°‡∏Ç‡∏∂‡πâ‡∏ô‡πÅ‡∏•‡πâ‡∏ß ‡∏¢‡∏±‡∏á‡∏°‡∏µ‡πÇ‡∏≠‡∏Å‡∏≤‡∏™‡∏ï‡∏¥‡∏î‡πÄ‡∏ä‡∏∑‡πâ‡∏≠‡πÑ‡∏ß‡∏£‡∏±‡∏™‡πÑ‡∏Ç‡πâ‡∏´‡∏ß‡∏±‡∏î‡πÉ‡∏´‡∏ç‡πà‡πÄ‡∏û‡∏¥‡πà‡∏°‡∏°‡∏≤‡∏Å‡∏Ç‡∏∂‡πâ‡∏ô‡∏î‡πâ‡∏ß‡∏¢ ‡∏ã‡∏∂‡πà‡∏á‡∏ó‡∏±‡πâ‡∏á 2 ‡πÇ‡∏£‡∏Ñ‡πÄ‡∏õ‡πá‡∏ô‡πÇ‡∏£‡∏Ñ‡∏ï‡∏¥‡∏î‡πÄ‡∏ä‡∏∑‡πâ‡∏≠‡∏£‡∏∞‡∏ö‡∏ö‡∏ó‡∏≤‡∏á‡πÄ‡∏î‡∏¥‡∏ô‡∏´‡∏≤‡∏¢‡πÉ‡∏à‡πÄ‡∏´‡∏°‡∏∑‡∏≠‡∏ô‡∏Å‡∏±‡∏ô ‡∏°‡∏µ‡∏≠‡∏≤‡∏Å‡∏≤‡∏£‡∏Ñ‡∏•‡πâ‡∏≤‡∏¢‡∏Å‡∏±‡∏ô ‡∏Å‡∏≤‡∏£‡πÉ‡∏ä‡πâ‡∏°‡∏≤‡∏ï‡∏£‡∏Å‡∏≤‡∏£‡∏õ‡πâ‡∏≠‡∏á‡∏Å‡∏±‡∏ô‡∏ï‡∏ô‡πÄ‡∏≠‡∏á‡∏à‡∏≤‡∏Å‡πÇ‡∏£‡∏Ñ‡πÇ‡∏Ñ‡∏ß‡∏¥‡∏î 19 ‡πÑ‡∏î‡πâ‡πÅ‡∏Å‡πà ‡∏Å‡∏≤‡∏£‡πÄ‡∏ß‡πâ‡∏ô‡∏£‡∏∞‡∏¢‡∏∞‡∏´‡πà‡∏≤‡∏á ‡∏•‡πâ‡∏≤‡∏á‡∏°‡∏∑‡∏≠ ‡πÅ‡∏•‡∏∞‡∏™‡∏ß‡∏°‡∏´‡∏ô‡πâ‡∏≤‡∏Å‡∏≤‡∏Å‡∏≠‡∏ô‡∏≤‡∏°‡∏±‡∏¢‡πÄ‡∏°‡∏∑‡πà‡∏≠‡∏≠‡∏¢‡∏π‡πà‡∏£‡πà‡∏ß‡∏°‡∏Å‡∏±‡∏ö‡∏ú‡∏π‡πâ‡∏≠‡∏∑‡πà‡∏ô ‡∏à‡∏∞‡∏ä‡πà‡∏ß‡∏¢‡∏õ‡πâ‡∏≠‡∏á‡∏Å‡∏±‡∏ô‡∏Å‡∏≤‡∏£‡∏ï‡∏¥‡∏î‡πÄ‡∏ä‡∏∑‡πâ‡∏≠‡πÑ‡∏Ç‡πâ‡∏´‡∏ß‡∏±‡∏î‡πÉ‡∏´‡∏ç‡πà‡πÑ‡∏î‡πâ‡πÄ‡∏ä‡πà‡∏ô‡∏Å‡∏±‡∏ô ‡∏£‡∏ß‡∏°‡∏ó‡∏±‡πâ‡∏á‡∏™‡∏≤‡∏°‡∏≤‡∏£‡∏ñ‡πÄ‡∏û‡∏¥‡πà‡∏°‡∏†‡∏π‡∏°‡∏¥‡∏Ñ‡∏∏‡πâ‡∏°‡∏Å‡∏±‡∏ô‡∏ï‡πà‡∏≠‡∏™‡∏π‡πâ‡∏Å‡∏±‡∏ö‡πÄ‡∏ä‡∏∑‡πâ‡∏≠‡πÑ‡∏î‡πâ‡∏î‡πâ‡∏ß‡∏¢‡∏Å‡∏≤‡∏£‡∏â‡∏µ‡∏î‡∏ß‡∏±‡∏Ñ‡∏ã‡∏µ‡∏ô ‡∏ó‡∏±‡πâ‡∏á‡∏ß‡∏±‡∏Ñ‡∏ã‡∏µ‡∏ô‡πÇ‡∏Ñ‡∏ß‡∏¥‡∏î 19 ‡πÅ‡∏•‡∏∞‡∏ß‡∏±‡∏Ñ‡∏ã‡∏µ‡∏ô‡πÑ‡∏Ç‡πâ‡∏´‡∏ß‡∏±‡∏î‡πÉ‡∏´‡∏ç‡πà‡∏ï‡∏≤‡∏°‡∏§‡∏î‡∏π‡∏Å‡∏≤‡∏•,fact,https://www.antifakenewscenter.com/%e0%b8%9c%e0%b8%a5%e0%b8%b4%e0%b8%95%e0%b8%a0%e0%b8%b1%e0%b8%93%e0%b8%91%e0%b9%8c%e0%b8%aa%e0%b8%b8%e0%b8%82%e0%b8%a0%e0%b8%b2%e0%b8%9e/%e0%b8%aa%e0%b8%98-%e0%b9%81%e0%b8%99%e0%b8%b0%e0%b8%99%e0%b8%b3%e0%b9%83%e0%b8%ab%e0%b9%89%e0%b8%89%e0%b8%b5%e0%b8%94%e0%b8%a7%e0%b8%b1%e0%b8%84%e0%b8%8b%e0%b8%b5%e0%b8%99%e0%b9%82%e0%b8%84%e0%b8%a7%e0%b8%b4%e0%b8%94-19-%e0%b8%9e%e0%b8%a3%e0%b9%89%e0%b8%ad%e0%b8%a1%e0%b9%84%e0%b8%82%e0%b9%89%e0%b8%ab%e0%b8%a7%e0%b8%b1%e0%b8%94%e0%b9%83%e0%b8%ab%e0%b8%8d%e0%b9%88%e0%b9%84%e0%b8%94%e0%b9%89-%e0%b8%aa%e0%b8%b2%e0%b8%a1%e0%b8%b2%e0%b8%a3%e0%b8%96%e0%b8%8a%e0%b9%88%e0%b8%a7%e0%b8%a2%e0%b8%a5%e0%b8%94%e0%b8%84%e0%b8%a7%e0%b8%b2%e0%b8%a1%e0%b9%80%e0%b8%aa%e0%b8%b5%e0%b9%88%e0%b8%a2%e0%b8%87%e0%b8%97%e0%b8%b1%e0%b9%89%e0%b8%87-2-%e0%b9%82%e0%b8%a3%e0%b8%84%e0%b8%8a%e0%b9%88%e0%b8%a7%e0%b8%87%e0%b8%a4%e0%b8%94%e0%b8%b9%e0%b8%9d%e0%b8%99-%e0%b8%88%e0%b8%a3%e0%b8%b4%e0%b8%87%e0%b8%ab%e0%b8%a3%e0%b8%b7%e0%b8%ad/,fact,TN,
"‡∏†‡∏≤‡∏ß‡∏∞‡πÄ‡∏¢‡∏∑‡πà‡∏≠‡∏ö‡∏∏‡πÇ‡∏û‡∏£‡∏á‡∏°‡∏î‡∏•‡∏π‡∏Å‡πÄ‡∏à‡∏£‡∏¥‡∏ç‡∏ú‡∏¥‡∏î (Endomeriosis) ‡∏Ñ‡∏∑‡∏≠‡∏†‡∏≤‡∏ß‡∏∞‡∏ó‡∏µ‡πà‡∏°‡∏µ‡∏Å‡∏≤‡∏£‡πÄ‡∏à‡∏£‡∏¥‡∏ç‡∏Ç‡∏≠‡∏á‡πÄ‡∏¢‡∏∑‡πà‡∏≠‡∏ö‡∏∏‡πÇ‡∏û‡∏£‡∏á‡∏°‡∏î‡∏•‡∏π‡∏Å‡∏†‡∏≤‡∏¢‡∏ô‡∏≠‡∏Å‡∏ï‡∏±‡∏ß‡∏°‡∏î‡∏•‡∏π‡∏Å ‡∏≠‡∏≤‡∏à‡∏à‡∏∞‡πÄ‡∏õ‡πá‡∏ô‡∏ö‡∏£‡∏¥‡πÄ‡∏ß‡∏ì‡∏Å‡∏•‡πâ‡∏≤‡∏°‡πÄ‡∏ô‡∏∑‡πâ‡∏≠‡∏°‡∏î‡∏•‡∏π‡∏Å (Adenomyosis), ‡∏£‡∏±‡∏á‡πÑ‡∏Ç‡πà (Endometrioma) ‡∏´‡∏£‡∏∑‡∏≠‡πÄ‡∏¢‡∏∑‡πà‡∏≠‡∏ö‡∏∏‡∏ä‡πà‡∏≠‡∏á‡∏ó‡πâ‡∏≠‡∏á (Pelvic endometriosis) ‡∏™‡∏≤‡πÄ‡∏´‡∏ï‡∏∏‡∏´‡∏•‡∏±‡∏Å‡πÄ‡∏ä‡∏∑‡πà‡∏≠‡∏ß‡πà‡∏≤‡πÄ‡∏Å‡∏¥‡∏î‡∏à‡∏≤‡∏Å‡∏Å‡∏≤‡∏£‡πÑ‡∏´‡∏•‡∏¢‡πâ‡∏≠‡∏ô‡∏Å‡∏•‡∏±‡∏ö‡∏Ç‡∏≠‡∏á‡∏õ‡∏£‡∏∞‡∏à‡∏≥‡πÄ‡∏î‡∏∑‡∏≠‡∏ô‡πÄ‡∏Ç‡πâ‡∏≤‡∏™‡∏π‡πà‡∏ä‡πà‡∏≠‡∏á‡∏ó‡πâ‡∏≠‡∏á (Retrograde menstruation) ‡∏£‡πà‡∏ß‡∏°‡∏Å‡∏±‡∏ö‡∏Å‡∏≤‡∏£‡∏ó‡∏≥‡∏á‡∏≤‡∏ô‡∏Ç‡∏≠‡∏á‡∏£‡∏∞‡∏ö‡∏ö‡∏†‡∏π‡∏°‡∏¥‡∏Ñ‡∏∏‡πâ‡∏°‡∏Å‡∏±‡∏ô‡∏ó‡∏µ‡πà‡∏ú‡∏¥‡∏î‡∏õ‡∏Å‡∏ï‡∏¥ ‡∏ã‡∏∂‡πà‡∏á‡∏ú‡∏π‡πâ‡∏õ‡πà‡∏ß‡∏¢‡∏ó‡∏µ‡πà‡∏°‡∏µ‡∏†‡∏≤‡∏ß‡∏∞ endometriosis ‡∏à‡∏∞‡∏°‡∏µ‡∏≠‡∏≤‡∏Å‡∏≤‡∏£‡∏õ‡∏ß‡∏î‡∏õ‡∏£‡∏∞‡∏à‡∏≥‡πÄ‡∏î‡∏∑‡∏≠‡∏ô (Dysmenorrhea) ‡∏´‡∏£‡∏∑‡∏≠‡∏õ‡∏ß‡∏î‡∏ó‡πâ‡∏≠‡∏á‡∏ô‡πâ‡∏≠‡∏¢‡πÄ‡∏õ‡πá‡∏ô‡∏£‡∏≠‡∏ö (Cyclic pelvic pain) ‡∏´‡∏≤‡∏Å‡πÑ‡∏°‡πà‡πÑ‡∏î‡πâ‡∏£‡∏±‡∏ö‡∏Å‡∏≤‡∏£‡∏£‡∏±‡∏Å‡∏©‡∏≤‡∏≠‡∏¢‡πà‡∏≤‡∏á‡∏ñ‡∏π‡∏Å‡∏ï‡πâ‡∏≠‡∏á ‡πÅ‡∏•‡∏∞‡∏ó‡∏±‡∏ô‡∏ó‡πà‡∏ß‡∏á‡∏ó‡∏µ‡∏≠‡∏≤‡∏à‡∏Å‡∏•‡∏≤‡∏¢‡πÄ‡∏õ‡πá‡∏ô‡∏Å‡∏≤‡∏£‡∏õ‡∏ß‡∏î‡∏ó‡πâ‡∏≠‡∏á‡∏ô‡πâ‡∏≠‡∏¢‡πÄ‡∏£‡∏∑‡πâ‡∏≠‡∏£‡∏±‡∏á‡πÑ‡∏î‡πâ ‡∏ô‡∏≠‡∏Å‡∏à‡∏≤‡∏Å‡∏ô‡∏µ‡πâ endometriosis ‡∏¢‡∏±‡∏á‡∏°‡∏µ‡∏Ñ‡∏ß‡∏≤‡∏°‡∏™‡∏±‡∏°‡∏û‡∏±‡∏ô‡∏ò‡πå‡∏Å‡∏±‡∏ö‡∏†‡∏≤‡∏ß‡∏∞‡∏°‡∏µ‡∏ö‡∏∏‡∏ï‡∏£‡∏¢‡∏≤‡∏Å‡∏≠‡∏µ‡∏Å‡∏î‡πâ‡∏ß‡∏¢

‡∏≠‡∏¢‡πà‡∏≤‡∏á‡πÑ‡∏£‡∏Å‡πá‡∏ï‡∏≤‡∏° ‡∏Å‡∏≤‡∏£‡∏£‡∏±‡∏Å‡∏©‡∏≤‡∏´‡∏•‡∏±‡∏Å‡∏Ç‡∏≠‡∏á‡∏†‡∏≤‡∏ß‡∏∞ endometriosis ‡∏õ‡∏£‡∏∞‡∏Å‡∏≠‡∏ö‡πÑ‡∏õ‡∏î‡πâ‡∏ß‡∏¢‡∏Å‡∏≤‡∏£‡πÉ‡∏ä‡πâ‡∏¢‡∏≤‡πÅ‡∏Å‡πâ‡∏õ‡∏ß‡∏î ‡∏¢‡∏≤‡∏Æ‡∏≠‡∏£‡πå‡πÇ‡∏°‡∏ô ‡πÅ‡∏•‡∏∞‡∏Å‡∏≤‡∏£‡∏ú‡πà‡∏≤‡∏ï‡∏±‡∏î ‡πÇ‡∏î‡∏¢‡πÅ‡∏ô‡∏ß‡∏ó‡∏≤‡∏á‡∏Å‡∏≤‡∏£‡∏£‡∏±‡∏Å‡∏©‡∏≤‡∏à‡∏∞‡∏Ç‡∏∂‡πâ‡∏ô‡∏≠‡∏¢‡∏π‡πà‡∏Å‡∏±‡∏ö‡∏Ñ‡∏ß‡∏≤‡∏°‡∏£‡∏∏‡∏ô‡πÅ‡∏£‡∏á‡∏Ç‡∏≠‡∏á‡πÇ‡∏£‡∏Ñ ‡∏Å‡∏≤‡∏£‡∏ß‡∏≤‡∏á‡πÅ‡∏ú‡∏ô‡∏°‡∏µ‡∏ö‡∏∏‡∏ï‡∏£ ‡πÅ‡∏•‡∏∞‡∏Å‡∏≤‡∏£‡∏ï‡∏≠‡∏ö‡∏™‡∏ô‡∏≠‡∏á‡∏Ç‡∏≠‡∏á‡∏ú‡∏π‡πâ‡∏õ‡πà‡∏ß‡∏¢ ‡πÉ‡∏ô‡∏Å‡∏£‡∏ì‡∏µ‡∏ó‡∏µ‡πà‡∏ú‡∏π‡πâ‡∏õ‡πà‡∏ß‡∏¢‡πÑ‡∏î‡πâ‡∏£‡∏±‡∏ö‡∏¢‡∏≤‡∏Æ‡∏≠‡∏£‡πå‡πÇ‡∏°‡∏ô‡πÅ‡∏ö‡∏ö‡∏â‡∏µ‡∏î‡∏ä‡∏ô‡∏¥‡∏î‡∏Ñ‡∏∏‡∏°‡∏Å‡∏≥‡πÄ‡∏ô‡∏¥‡∏î 3 ‡πÄ‡∏î‡∏∑‡∏≠‡∏ô (Depot-medroxyprogesterone acetate) ‡∏ú‡∏π‡πâ‡∏õ‡πà‡∏ß‡∏¢‡∏≠‡∏≤‡∏à‡∏°‡∏µ‡∏ú‡∏•‡∏Ç‡πâ‡∏≤‡∏á‡πÄ‡∏Ñ‡∏µ‡∏¢‡∏á‡∏ó‡∏≥‡πÉ‡∏´‡πâ‡πÄ‡∏Å‡∏¥‡∏î‡∏õ‡∏±‡∏ç‡∏´‡∏≤‡πÄ‡∏•‡∏∑‡∏≠‡∏î‡∏≠‡∏≠‡∏Å‡∏Å‡∏£‡∏∞‡∏õ‡∏£‡∏¥‡∏î‡∏Å‡∏£‡∏∞‡∏õ‡∏£‡∏≠‡∏¢ ‡∏õ‡∏£‡∏∞‡∏à‡∏≥‡πÄ‡∏î‡∏∑‡∏≠‡∏ô‡∏°‡∏≤‡∏ô‡πâ‡∏≠‡∏¢ ‡∏´‡∏£‡∏∑‡∏≠‡∏Ç‡∏≤‡∏î‡∏õ‡∏£‡∏∞‡∏à‡∏≥‡πÄ‡∏î‡∏∑‡∏≠‡∏ô‡πÑ‡∏î‡πâ",fact,https://www.antifakenewscenter.com/%e0%b8%9c%e0%b8%a5%e0%b8%b4%e0%b8%95%e0%b8%a0%e0%b8%b1%e0%b8%93%e0%b8%91%e0%b9%8c%e0%b8%aa%e0%b8%b8%e0%b8%82%e0%b8%a0%e0%b8%b2%e0%b8%9e/%e0%b9%82%e0%b8%a3%e0%b8%84%e0%b9%80%e0%b8%a2%e0%b8%b7%e0%b9%88%e0%b8%ad%e0%b8%9a%e0%b8%b8%e0%b9%82%e0%b8%9e%e0%b8%a3%e0%b8%87%e0%b8%a1%e0%b8%94%e0%b8%a5%e0%b8%b9%e0%b8%81%e0%b9%80%e0%b8%88%e0%b8%a3%e0%b8%b4%e0%b8%8d%e0%b8%9c%e0%b8%b4%e0%b8%94%e0%b8%97%e0%b8%b5%e0%b9%88-%e0%b9%80%e0%b8%aa%e0%b8%b5%e0%b9%88%e0%b8%a2%e0%b8%87%e0%b8%97%e0%b8%b3%e0%b9%83%e0%b8%ab%e0%b9%89%e0%b9%80%e0%b8%81%e0%b8%b4%e0%b8%94%e0%b8%8a%e0%b9%87%e0%b8%ad%e0%b8%81%e0%b9%82%e0%b8%81%e0%b9%81%e0%b8%a5%e0%b8%95%e0%b8%8b%e0%b8%b5%e0%b8%aa%e0%b8%95%e0%b9%8c-%e0%b8%88%e0%b8%a3%e0%b8%b4%e0%b8%87%e0%b8%ab%e0%b8%a3%e0%b8%b7%e0%b8%ad/,fact,TN,
"‡∏≠‡∏ò‡∏¥‡∏ö‡∏î‡∏µ‡∏Å‡∏£‡∏°‡∏ß‡∏¥‡∏ó‡∏¢‡∏≤‡∏®‡∏≤‡∏™‡∏ï‡∏£‡πå‡∏Å‡∏≤‡∏£‡πÅ‡∏û‡∏ó‡∏¢‡πå‡πÄ‡∏õ‡∏¥‡∏î‡πÄ‡∏ú‡∏¢‡∏Ç‡πâ‡∏≠‡∏°‡∏π‡∏•‡∏Å‡∏≤‡∏£‡∏ï‡∏£‡∏ß‡∏à‡∏¢‡∏∑‡∏ô‡∏¢‡∏±‡∏ô‡πÄ‡∏ä‡∏∑‡πâ‡∏≠‡∏ã‡∏≤‡∏•‡πÇ‡∏°‡πÄ‡∏ô‡∏•‡∏•‡πà‡∏≤(Salmonella) ‡πÅ‡∏•‡∏∞‡πÄ‡∏ä‡∏∑‡πâ‡∏≠‡∏ä‡∏¥‡∏Å‡πÄ‡∏Å‡∏•‡∏•‡πà‡∏≤(Shigella)
‡∏ó‡∏≤‡∏á‡∏´‡πâ‡∏≠‡∏á‡∏õ‡∏è‡∏¥‡∏ö‡∏±‡∏ï‡∏¥‡∏Å‡∏≤‡∏£‡∏Ç‡∏≠‡∏á‡∏™‡∏ñ‡∏≤‡∏ö‡∏±‡∏ô‡∏ß‡∏¥‡∏à‡∏±‡∏¢‡∏ß‡∏¥‡∏ó‡∏¢‡∏≤‡∏®‡∏≤‡∏™‡∏ï‡∏£‡πå‡∏™‡∏≤‡∏ò‡∏≤‡∏£‡∏ì‡∏™‡∏∏‡∏Ç ‡∏Å‡∏£‡∏°‡∏ß‡∏¥‡∏ó‡∏¢‡∏≤‡∏®‡∏≤‡∏™‡∏ï‡∏£‡πå‡∏Å‡∏≤‡∏£‡πÅ‡∏û‡∏ó‡∏¢‡πå ‡∏£‡∏∞‡∏´‡∏ß‡πà‡∏≤‡∏á‡∏õ‡∏µ ‡∏û.‡∏®. 2562-2564 ‡πÇ‡∏î‡∏¢‡πÑ‡∏î‡πâ‡∏ó‡∏≥‡∏Å‡∏≤‡∏£‡∏£‡∏ß‡∏ö‡∏£‡∏ß‡∏°‡∏Ç‡πâ‡∏≠‡∏°‡∏π‡∏•‡πÅ‡∏•‡∏∞‡∏à‡∏≥‡∏ô‡∏ß‡∏ô‡∏ó‡∏µ‡πà‡∏ï‡∏£‡∏ß‡∏à‡∏û‡∏ö‡∏à‡∏≤‡∏Å‡∏ï‡∏±‡∏ß‡∏≠‡∏¢‡πà‡∏≤‡∏á‡∏ó‡∏µ‡πà‡∏™‡πà‡∏á‡∏°‡∏≤‡∏ï‡∏£‡∏ß‡∏à‡∏¢‡∏∑‡∏ô‡∏¢‡∏±‡∏ô‡πÄ‡∏ä‡∏∑‡πâ‡∏≠‡∏ö‡∏£‡∏¥‡∏™‡∏∏‡∏ó‡∏ò‡∏¥‡πå‡∏à‡∏≤‡∏Å‡∏ú‡∏π‡πâ‡∏õ‡πà‡∏ß‡∏¢‡∏≠‡∏≤‡∏´‡∏≤‡∏£‡πÅ‡∏•‡∏∞‡∏™‡∏¥‡πà‡∏á‡πÅ‡∏ß‡∏î‡∏•‡πâ‡∏≠‡∏°
‡∏û‡∏ö‡∏ß‡πà‡∏≤ ‡πÉ‡∏ô‡∏õ‡∏µ 2562 ‡∏û‡∏ö‡∏ã‡∏≤‡∏•‡πÇ‡∏°‡πÄ‡∏ô‡∏•‡∏•‡πà‡∏≤‡πÄ‡∏≠‡∏ô‡πÄ‡∏ï‡∏≠‡∏£‡∏¥‡∏ó‡∏¥‡∏î‡∏¥‡∏™ (Salmonella Enteritidis)  ‡∏à‡∏≥‡∏ô‡∏ß‡∏ô 12 ‡πÑ‡∏≠‡πÇ‡∏ã‡πÄ‡∏•‡∏ï ‡∏à‡∏≤‡∏Å‡∏ï‡∏±‡∏ß‡∏≠‡∏¢‡πà‡∏≤‡∏á‡∏ó‡∏±‡πâ‡∏á‡∏´‡∏°‡∏î 315 ‡∏ï‡∏±‡∏ß‡∏≠‡∏¢‡πà‡∏≤‡∏á ‡∏Ñ‡∏¥‡∏î‡πÄ‡∏õ‡πá‡∏ô‡∏£‡πâ‡∏≠‡∏¢‡∏•‡∏∞ 3.80 ‡∏õ‡∏µ 2563 ‡∏û‡∏ö 14 ‡πÑ‡∏≠‡πÇ‡∏ã‡πÄ‡∏•‡∏ï ‡∏à‡∏≤‡∏Å‡∏ï‡∏±‡∏ß‡∏≠‡∏¢‡πà‡∏≤‡∏á‡∏ó‡∏±‡πâ‡∏á‡∏´‡∏°‡∏î  408 ‡∏ï‡∏±‡∏ß‡∏≠‡∏¢‡πà‡∏≤‡∏á ‡∏Ñ‡∏¥‡∏î‡πÄ‡∏õ‡πá‡∏ô‡∏£‡πâ‡∏≠‡∏¢‡∏•‡∏∞ 3.43 ‡πÅ‡∏•‡∏∞‡∏õ‡∏µ 2564 ‡∏û‡∏ö 24 ‡πÑ‡∏≠‡πÇ‡∏ã‡πÄ‡∏•‡∏ï ‡∏à‡∏≤‡∏Å‡∏ï‡∏±‡∏ß‡∏≠‡∏¢‡πà‡∏≤‡∏á‡∏ó‡∏±‡πâ‡∏á‡∏´‡∏°‡∏î 271 ‡∏ï‡∏±‡∏ß‡∏≠‡∏¢‡πà‡∏≤‡∏á ‡∏Ñ‡∏¥‡∏î‡πÄ‡∏õ‡πá‡∏ô‡∏£‡πâ‡∏≠‡∏¢‡∏•‡∏∞ 8.86 ‡∏ó‡∏±‡πâ‡∏á‡∏ô‡∏µ‡πâ‡πÄ‡∏ä‡∏∑‡πâ‡∏≠‡∏ã‡∏≤‡∏•‡πÇ‡∏°‡πÄ‡∏ô‡∏•‡∏•‡πà‡∏≤ ‡πÄ‡∏≠‡∏ô‡πÄ‡∏ï‡∏≠‡∏£‡∏¥‡∏ó‡∏¥‡∏î‡∏¥‡∏™ ‡πÄ‡∏õ‡πá‡∏ô‡∏™‡∏≤‡∏¢‡∏û‡∏±‡∏ô‡∏ò‡∏∏‡πå‡∏ó‡∏µ‡πà‡∏°‡∏±‡∏Å‡∏Å‡πà‡∏≠‡πÉ‡∏´‡πâ‡πÄ‡∏Å‡∏¥‡∏î‡∏≠‡∏≤‡∏Å‡∏≤‡∏£‡∏Ç‡∏≠‡∏á‡πÇ‡∏£‡∏Ñ‡πÉ‡∏ô‡∏°‡∏ô‡∏∏‡∏©‡∏¢‡πå‡∏ó‡∏µ‡πà‡∏£‡∏∏‡∏ô‡πÅ‡∏£‡∏á‡∏Å‡∏ß‡πà‡∏≤‡∏™‡∏≤‡∏¢‡∏û‡∏±‡∏ô‡∏ò‡∏∏‡πå‡∏≠‡∏∑‡πà‡∏ô‡πÜ ‡πÅ‡∏•‡∏∞‡∏ñ‡∏π‡∏Å‡∏Å‡∏≥‡∏´‡∏ô‡∏î‡πÉ‡∏ô‡∏£‡∏≤‡∏ä‡∏Å‡∏¥‡∏à‡∏à‡∏≤‡∏ô‡∏∏‡πÄ‡∏ö‡∏Å‡∏©‡∏≤‡∏Ç‡∏≠‡∏á‡∏Å‡∏£‡∏°‡∏õ‡∏®‡∏∏‡∏™‡∏±‡∏ï‡∏ß‡πå‡∏ß‡πà‡∏≤‡∏î‡πâ‡∏ß‡∏¢‡∏Å‡∏≤‡∏£‡∏Ñ‡∏ß‡∏ö‡∏Ñ‡∏∏‡∏°‡πÇ‡∏£‡∏Ñ‡∏ã‡∏≤‡∏•‡πÇ‡∏°‡πÄ‡∏ô‡∏•‡∏•‡πà‡∏≤‡∏™‡πç‡∏≤‡∏´‡∏£‡∏±‡∏ö‡∏™‡∏±‡∏ï‡∏ß‡πå‡∏õ‡∏µ‡∏Å ‡∏´‡∏≤‡∏Å‡∏°‡∏µ‡∏Å‡∏≤‡∏£‡∏õ‡∏ô‡πÄ‡∏õ‡∏∑‡πâ‡∏≠‡∏ô‡πÄ‡∏ä‡∏∑‡πâ‡∏≠‡∏î‡∏±‡∏á‡∏Å‡∏•‡πà‡∏≤‡∏ß‡∏≠‡∏≤‡∏à‡∏à‡∏∞‡∏™‡πà‡∏á‡∏ú‡∏•‡∏Å‡∏£‡∏∞‡∏ó‡∏ö‡∏ï‡πà‡∏≠‡∏Å‡∏≤‡∏£‡∏Ñ‡πâ‡∏≤‡πÅ‡∏•‡∏∞‡πÄ‡∏®‡∏£‡∏©‡∏ê‡∏Å‡∏¥‡∏à ",fact,https://www.antifakenewscenter.com/%e0%b8%9c%e0%b8%a5%e0%b8%b4%e0%b8%95%e0%b8%a0%e0%b8%b1%e0%b8%93%e0%b8%91%e0%b9%8c%e0%b8%aa%e0%b8%b8%e0%b8%82%e0%b8%a0%e0%b8%b2%e0%b8%9e/%e0%b8%9e%e0%b8%9a%e0%b9%80%e0%b8%8a%e0%b8%b7%e0%b9%89%e0%b8%ad%e0%b8%8b%e0%b8%b2%e0%b8%a5%e0%b9%82%e0%b8%a1%e0%b9%80%e0%b8%99%e0%b8%a5%e0%b8%a5%e0%b9%88%e0%b8%b2-%e0%b8%81%e0%b9%88%e0%b8%ad%e0%b9%82%e0%b8%a3%e0%b8%84%e0%b8%ad%e0%b8%b2%e0%b8%ab%e0%b8%b2%e0%b8%a3%e0%b9%80%e0%b8%9b%e0%b9%87%e0%b8%99%e0%b8%9e%e0%b8%b4%e0%b8%a9%e0%b8%a3%e0%b8%b8%e0%b8%99%e0%b9%81%e0%b8%a3%e0%b8%87%e0%b8%81%e0%b8%a7%e0%b9%88%e0%b8%b2%e0%b9%80%e0%b8%97%e0%b9%88%e0%b8%b2%e0%b8%95%e0%b8%b1%e0%b8%a7-%e0%b8%88%e0%b8%a3%e0%b8%b4%e0%b8%87%e0%b8%ab%e0%b8%a3%e0%b8%b7%e0%b8%ad/,fact,TN,
"IF ‡∏°‡∏µ‡∏õ‡∏£‡∏∞‡πÇ‡∏¢‡∏ä‡∏ô‡πå‡∏Å‡∏±‡∏ö‡∏£‡πà‡∏≤‡∏á‡∏Å‡∏≤‡∏¢‡πÉ‡∏ô‡∏´‡∏•‡∏≤‡∏¢‡∏î‡πâ‡∏≤‡∏ô ‡πÅ‡∏ï‡πà‡∏¢‡∏±‡∏á‡∏≠‡∏¢‡∏π‡πà‡πÉ‡∏ô‡∏Ç‡∏±‡πâ‡∏ô‡∏™‡∏±‡∏ï‡∏ß‡πå‡∏ó‡∏î‡∏•‡∏≠‡∏á ‡∏ã‡∏∂‡πà‡∏á 5 ‡∏Å‡∏•‡∏∏‡πà‡∏°‡∏ó‡∏µ‡πà‡∏ï‡πâ‡∏≠‡∏á‡∏£‡∏∞‡∏ß‡∏±‡∏á‡∏™‡∏≥‡∏´‡∏£‡∏±‡∏ö‡∏Å‡∏≤‡∏£‡∏•‡∏î‡∏ô‡πâ‡∏≥‡∏´‡∏ô‡∏±‡∏Å‡πÅ‡∏ö‡∏ö IF ‡∏Ñ‡∏∑‡∏≠
1. ‡πÄ‡∏î‡πá‡∏Å‡∏≠‡∏≤‡∏¢‡∏∏‡∏ï‡πà‡∏≥‡∏Å‡∏ß‡πà‡∏≤ 18 ‡∏õ‡∏µ
2. ‡∏´‡∏ç‡∏¥‡∏á‡∏ï‡∏±‡πâ‡∏á‡∏Ñ‡∏£‡∏£‡∏†‡πå
3. ‡∏´‡∏ç‡∏¥‡∏á‡πÉ‡∏´‡πâ‡∏ô‡∏°‡∏ö‡∏∏‡∏ï‡∏£ ‡πÄ‡∏û‡∏£‡∏≤‡∏∞‡∏à‡∏∞‡∏™‡πà‡∏á‡∏ú‡∏•‡πÄ‡∏™‡∏µ‡∏¢‡∏Å‡∏±‡∏ö‡∏™‡∏∏‡∏Ç‡∏†‡∏≤‡∏û ‡∏ó‡∏≥‡πÉ‡∏´‡πâ‡πÄ‡∏î‡πá‡∏Å‡πÅ‡∏•‡∏∞‡∏ó‡∏≤‡∏£‡∏Å‡∏Ç‡∏≤‡∏î‡∏™‡∏≤‡∏£‡∏≠‡∏≤‡∏´‡∏≤‡∏£‡πÑ‡∏î‡πâ
4. ‡∏ú‡∏π‡πâ‡∏°‡∏µ‡πÇ‡∏£‡∏Ñ‡∏õ‡∏£‡∏∞‡∏à‡∏≥‡∏ï‡∏±‡∏ß ‡πÄ‡∏ä‡πà‡∏ô ‡πÇ‡∏£‡∏Ñ‡∏Å‡∏£‡∏∞‡πÄ‡∏û‡∏≤‡∏∞‡∏≠‡∏≤‡∏´‡∏≤‡∏£ ‡∏ú‡∏π‡πâ‡∏°‡∏µ‡∏û‡∏§‡∏ï‡∏¥‡∏Å‡∏£‡∏£‡∏°‡∏Å‡∏≤‡∏£‡∏Å‡∏¥‡∏ô‡∏ú‡∏¥‡∏î‡∏õ‡∏Å‡∏ï‡∏¥ ‡∏Ñ‡∏ß‡∏£‡∏´‡∏•‡∏µ‡∏Å‡πÄ‡∏•‡∏µ‡πà‡∏¢‡∏á
5. ‡∏ú‡∏π‡πâ‡∏´‡∏ç‡∏¥‡∏á ‡∏´‡∏£‡∏∑‡∏≠‡πÄ‡∏î‡πá‡∏Å‡∏≠‡πâ‡∏ß‡∏ô ‡∏Ñ‡∏ß‡∏£‡∏£‡∏∞‡∏ß‡∏±‡∏á
‡∏™‡∏≥‡∏´‡∏£‡∏±‡∏ö‡∏ú‡∏π‡πâ‡∏ä‡∏≤‡∏¢‡∏ß‡∏±‡∏¢‡∏ó‡∏≥‡∏á‡∏≤‡∏ô‡∏ó‡∏µ‡πà‡πÑ‡∏°‡πà‡∏°‡∏µ‡∏õ‡∏±‡∏ç‡∏´‡∏≤‡∏™‡∏∏‡∏Ç‡∏†‡∏≤‡∏û ‡∏™‡∏≤‡∏°‡∏≤‡∏£‡∏ñ‡∏ö‡∏£‡∏¥‡∏´‡∏≤‡∏£‡∏à‡∏±‡∏î‡∏Å‡∏≤‡∏£‡πÄ‡∏ß‡∏•‡∏≤‡πÑ‡∏î‡πâ ‡∏´‡∏£‡∏∑‡∏≠‡∏ú‡∏π‡πâ‡∏ó‡∏µ‡πà‡∏≠‡∏≠‡∏Å‡∏Å‡∏≥‡∏•‡∏±‡∏á‡∏Å‡∏≤‡∏¢‡πÄ‡∏õ‡πá‡∏ô‡∏õ‡∏£‡∏∞‡∏à‡∏≥‡∏™‡∏≤‡∏°‡∏≤‡∏£‡∏ñ‡∏ó‡∏≥ IF ‡πÑ‡∏î‡πâ",fact,https://www.antifakenewscenter.com/%e0%b8%9c%e0%b8%a5%e0%b8%b4%e0%b8%95%e0%b8%a0%e0%b8%b1%e0%b8%93%e0%b8%91%e0%b9%8c%e0%b8%aa%e0%b8%b8%e0%b8%82%e0%b8%a0%e0%b8%b2%e0%b8%9e/5-%e0%b8%81%e0%b8%a5%e0%b8%b8%e0%b9%88%e0%b8%a1%e0%b8%95%e0%b9%89%e0%b8%ad%e0%b8%87%e0%b8%a3%e0%b8%b0%e0%b8%a7%e0%b8%b1%e0%b8%87-%e0%b8%ab%e0%b9%89%e0%b8%b2%e0%b8%a1%e0%b8%a5%e0%b8%94%e0%b8%99%e0%b9%89%e0%b8%b3%e0%b8%ab%e0%b8%99%e0%b8%b1%e0%b8%81%e0%b9%81%e0%b8%9a%e0%b8%9a-if-%e0%b8%88%e0%b8%a3%e0%b8%b4%e0%b8%87%e0%b8%ab%e0%b8%a3%e0%b8%b7%e0%b8%ad/,fact,TN,
"‡∏ú‡∏±‡∏Å‡∏ö‡∏≤‡∏á‡∏ä‡∏ô‡∏¥‡∏î‡πÑ‡∏°‡πà‡∏Ñ‡∏ß‡∏£‡∏Å‡∏¥‡∏ô‡πÅ‡∏ö‡∏ö‡∏î‡∏¥‡∏ö‡πÄ‡∏û‡∏£‡∏≤‡∏∞‡∏°‡∏µ‡∏™‡∏≤‡∏£‡∏ö‡∏≤‡∏á‡∏ä‡∏ô‡∏¥‡∏î‡πÉ‡∏ô‡∏ï‡∏±‡∏ß‡πÄ‡∏≠‡∏á‡∏´‡∏£‡∏∑‡∏≠‡∏°‡∏µ‡∏Å‡∏≤‡∏£‡∏õ‡∏ô‡πÄ‡∏õ‡∏∑‡πâ‡∏≠‡∏ô‡∏™‡∏∞‡∏™‡∏°‡∏Ç‡∏≠‡∏á‡∏™‡∏≤‡∏£‡πÄ‡∏Ñ‡∏°‡∏µ‡∏ï‡πà‡∏≤‡∏á‡πÜ ‡∏ó‡∏µ‡πà‡πÄ‡∏õ‡πá‡∏ô‡∏≠‡∏±‡∏ô‡∏ï‡∏£‡∏≤‡∏¢‡∏™‡πà‡∏á‡∏ú‡∏•‡πÄ‡∏™‡∏µ‡∏¢‡∏ï‡πà‡∏≠‡∏™‡∏∏‡∏Ç‡∏†‡∏≤‡∏û ‡∏ö‡∏≤‡∏á‡∏ä‡∏ô‡∏¥‡∏î‡∏´‡∏≤‡∏Å‡∏Å‡∏¥‡∏ô‡πÉ‡∏ô‡∏õ‡∏£‡∏¥‡∏°‡∏≤‡∏ì‡∏°‡∏≤‡∏Å‡∏≠‡∏≤‡∏à‡πÄ‡∏™‡∏µ‡∏¢‡∏ä‡∏µ‡∏ß‡∏¥‡∏ï ‡πÑ‡∏î‡πâ‡πÅ‡∏Å‡πà
1. ‡∏Å‡∏∞‡∏´‡∏•‡πà‡∏≥‡∏õ‡∏•‡∏µ ‡∏°‡∏µ‡∏™‡∏≤‡∏£‡∏Å‡∏≠‡∏¢‡πÇ‡∏ó‡∏£‡πÄ‡∏à‡∏ô
2. ‡∏ñ‡∏±‡πà‡∏ß‡∏á‡∏≠‡∏Å ‡∏°‡∏µ‡πÅ‡∏ö‡∏Ñ‡∏ó‡∏µ‡πÄ‡∏£‡∏µ‡∏¢‡πÅ‡∏•‡∏∞‡∏™‡∏≤‡∏£‡∏ü‡∏≠‡∏Å‡∏Ç‡∏≤‡∏ß
3. ‡∏ñ‡∏±‡πà‡∏ß‡∏ù‡∏±‡∏Å‡∏¢‡∏≤‡∏ß ‡∏°‡∏µ‡∏™‡∏≤‡∏£‡∏Å‡∏≥‡∏à‡∏±‡∏î‡∏®‡∏±‡∏ï‡∏£‡∏π‡∏û‡∏∑‡∏ä
4. ‡∏´‡∏ô‡πà‡∏≠‡πÑ‡∏°‡πâ ‡∏°‡∏µ‡πÑ‡∏ã‡∏¢‡∏≤‡πÑ‡∏ô‡∏î‡πå‡∏ã‡∏∂‡πà‡∏á‡∏™‡∏≤‡∏£‡πÄ‡∏´‡∏•‡πà‡∏≤‡∏ô‡∏µ‡πâ‡∏Å‡∏≥‡∏à‡∏±‡∏î‡πÑ‡∏î‡πâ‡∏î‡πâ‡∏ß‡∏¢‡∏Ñ‡∏ß‡∏≤‡∏°‡∏£‡πâ‡∏≠‡∏ô ‡∏´‡∏≤‡∏Å‡∏•‡πâ‡∏≤‡∏á‡πÉ‡∏´‡πâ‡∏™‡∏∞‡∏≠‡∏≤‡∏î‡∏ô‡∏≥‡∏°‡∏≤‡∏õ‡∏£‡∏∏‡∏á‡∏™‡∏∏‡∏Å‡∏™‡∏≤‡∏°‡∏≤‡∏£‡∏ñ‡∏Å‡∏¥‡∏ô‡πÑ‡∏î‡πâ
5. ‡∏ú‡∏±‡∏Å‡πÇ‡∏Ç‡∏° ‡∏°‡∏µ‡∏Å‡∏£‡∏î‡∏≠‡∏≠‡∏Å‡∏ã‡∏≤‡∏•‡∏¥‡∏Å‡∏™‡∏π‡∏á ‡∏Ñ‡∏ß‡∏£‡∏Å‡∏¥‡∏ô‡πÉ‡∏ô‡∏õ‡∏£‡∏¥‡∏°‡∏≤‡∏ì‡∏û‡∏≠‡πÄ‡∏´‡∏°‡∏≤‡∏∞
‡∏ú‡∏±‡∏Å‡∏î‡∏¥‡∏ö‡∏ï‡∏≤‡∏°‡∏ó‡∏µ‡πà‡∏Å‡∏•‡πà‡∏≤‡∏ß‡∏°‡∏≤‡∏´‡∏≤‡∏Å‡∏•‡πâ‡∏≤‡∏á‡πÑ‡∏°‡πà‡∏™‡∏∞‡∏≠‡∏≤‡∏î ‡πÄ‡∏™‡∏µ‡πà‡∏¢‡∏á‡∏õ‡∏ô‡πÄ‡∏õ‡∏∑‡πâ‡∏≠‡∏ô‡πÅ‡∏ö‡∏Ñ‡∏ó‡∏µ‡πÄ‡∏£‡∏µ‡∏¢ ‡∏™‡∏≤‡∏£‡πÄ‡∏Ñ‡∏°‡∏µ ‡πÄ‡∏°‡∏∑‡πà‡∏≠‡∏Å‡∏¥‡∏ô‡πÄ‡∏Ç‡πâ‡∏≤‡πÑ‡∏õ‡∏à‡∏∞‡∏™‡πà‡∏á‡∏ú‡∏•‡πÄ‡∏™‡∏µ‡∏¢‡∏ï‡πà‡∏≠‡∏™‡∏∏‡∏Ç‡∏†‡∏≤‡∏û ‡∏ú‡∏π‡πâ‡∏õ‡πà‡∏ß‡∏¢‡∏ó‡∏µ‡πà‡∏°‡∏µ‡∏†‡∏≤‡∏ß‡∏∞‡πÑ‡∏Æ‡πÇ‡∏õ‡πÑ‡∏ó‡∏£‡∏≠‡∏¢‡∏î‡πå‡πÑ‡∏°‡πà‡∏Ñ‡∏ß‡∏£‡∏Å‡∏¥‡∏ô‡∏Å‡∏∞‡∏´‡∏•‡πà‡∏≥‡∏õ‡∏•‡∏µ‡∏î‡∏¥‡∏ö ‡∏ú‡∏±‡∏Å‡∏î‡∏¥‡∏ö‡∏¢‡πà‡∏≠‡∏¢‡∏¢‡∏≤‡∏Å‡∏ñ‡πâ‡∏≤‡∏Å‡∏¥‡∏ô‡∏°‡∏≤‡∏Å‡∏≠‡∏≤‡∏à‡πÄ‡∏Å‡∏¥‡∏î‡πÅ‡∏Å‡πä‡∏™‡∏ó‡∏≥‡πÉ‡∏´‡πâ‡∏ó‡πâ‡∏≠‡∏á‡∏≠‡∏∑‡∏î‡πÑ‡∏î‡πâ",fact,https://www.antifakenewscenter.com/%e0%b8%9c%e0%b8%a5%e0%b8%b4%e0%b8%95%e0%b8%a0%e0%b8%b1%e0%b8%93%e0%b8%91%e0%b9%8c%e0%b8%aa%e0%b8%b8%e0%b8%82%e0%b8%a0%e0%b8%b2%e0%b8%9e/%e0%b8%9c%e0%b8%b1%e0%b8%81-5-%e0%b8%8a%e0%b8%99%e0%b8%b4%e0%b8%94-%e0%b9%84%e0%b8%a1%e0%b9%88%e0%b8%84%e0%b8%a7%e0%b8%a3%e0%b8%81%e0%b8%b4%e0%b8%99%e0%b8%94%e0%b8%b4%e0%b8%9a-%e0%b9%80%e0%b8%aa%e0%b8%b5%e0%b9%88%e0%b8%a2%e0%b8%87%e0%b8%ad%e0%b8%b1%e0%b8%99%e0%b8%95%e0%b8%a3%e0%b8%b2%e0%b8%a2%e0%b8%96%e0%b8%b6%e0%b8%87%e0%b8%8a%e0%b8%b5%e0%b8%a7%e0%b8%b4%e0%b8%95-%e0%b8%88%e0%b8%a3%e0%b8%b4%e0%b8%87%e0%b8%ab%e0%b8%a3%e0%b8%b7%e0%b8%ad/,fact,TN,
‡∏™‡πâ‡∏°‡∏Å‡∏¥‡∏°‡∏à‡πâ‡∏≠ ‡∏°‡∏µ‡∏™‡∏£‡∏£‡∏û‡∏Ñ‡∏∏‡∏ì‡∏õ‡πâ‡∏≠‡∏á‡∏Å‡∏±‡∏ô‡∏Å‡∏≤‡∏£‡πÄ‡∏Å‡∏¥‡∏î‡∏°‡∏∞‡πÄ‡∏£‡πá‡∏á‡∏•‡∏≥‡πÑ‡∏™‡πâ‡πÅ‡∏•‡∏∞‡∏Å‡∏≤‡∏£‡∏Ç‡∏±‡∏ö‡∏ñ‡πà‡∏≤‡∏¢‡∏Ñ‡∏•‡πà‡∏≠‡∏á‡∏Ç‡∏∂‡πâ‡∏ô ‡∏™‡πâ‡∏°‡∏Å‡∏¥‡∏°‡∏à‡πâ‡∏≠‡∏°‡∏µ‡∏ä‡∏∑‡πà‡∏≠‡∏ß‡∏¥‡∏ó‡∏¢‡∏≤‡∏®‡∏≤‡∏™‡∏ï‡∏£‡πå‡∏ß‡πà‡∏≤ Citrus japonica Thunb. ‡∏ã‡∏∂‡πà‡∏á‡∏°‡∏µ‡∏Ñ‡∏∏‡∏ì‡∏Ñ‡πà‡∏≤‡∏ó‡∏≤‡∏á‡πÇ‡∏†‡∏ä‡∏ô‡∏≤‡∏Å‡∏≤‡∏£‡∏´‡∏•‡∏≤‡∏Å‡∏´‡∏•‡∏≤‡∏¢‡∏ó‡∏±‡πâ‡∏á‡πÉ‡∏¢‡∏≠‡∏≤‡∏´‡∏≤‡∏£‡∏ã‡∏∂‡πà‡∏á‡∏ä‡πà‡∏ß‡∏¢‡∏Å‡∏£‡∏∞‡∏ï‡∏∏‡πâ‡∏ô‡∏£‡∏∞‡∏ö‡∏ö‡∏Ç‡∏±‡∏ö‡∏ñ‡πà‡∏≤‡∏¢‡∏ó‡∏±‡πâ‡∏á‡∏ß‡∏¥‡∏ï‡∏≤‡∏°‡∏¥‡∏ô‡πÅ‡∏•‡∏∞‡πÅ‡∏£‡πà‡∏ò‡∏≤‡∏ï‡∏∏ ‡πÄ‡∏ä‡πà‡∏ô ‡∏ß‡∏¥‡∏ï‡∏≤‡∏°‡∏¥‡∏ô‡∏ã‡∏µ ‡∏ß‡∏¥‡∏ï‡∏≤‡∏°‡∏¥‡∏ô‡∏≠‡∏µ ‡∏ã‡∏µ‡∏•‡∏µ‡πÄ‡∏ô‡∏µ‡∏¢‡∏° ‡∏™‡∏±‡∏á‡∏Å‡∏∞‡∏™‡∏µ ‡πÅ‡∏°‡∏Å‡∏ô‡∏µ‡πÄ‡∏ã‡∏µ‡∏¢‡∏° ‡πÄ‡∏õ‡πá‡∏ô‡∏ï‡πâ‡∏ô‡πÅ‡∏•‡∏∞‡∏¢‡∏±‡∏á‡∏°‡∏µ‡∏™‡∏≤‡∏£‡∏≠‡∏≠‡∏Å‡∏§‡∏ó‡∏ò‡∏¥‡πå‡∏ó‡∏≤‡∏á‡∏ä‡∏µ‡∏ß‡∏†‡∏≤‡∏û‡∏ï‡πà‡∏≤‡∏á‡πÜ ‡πÄ‡∏ä‡πà‡∏ô ‡∏ü‡∏≤‡πÇ‡∏ß‡∏ô‡∏≠‡∏¢‡∏î‡πå ‡πÅ‡∏Ñ‡πÇ‡∏£‡∏ó‡∏µ‡∏ô‡∏≠‡∏¢‡∏î‡πå ‡∏ã‡∏∂‡πà‡∏á‡∏°‡∏µ‡∏™‡πà‡∏ß‡∏ô‡∏ä‡πà‡∏ß‡∏¢‡πÉ‡∏ô‡∏Å‡∏≤‡∏£‡∏ï‡πâ‡∏≤‡∏ô‡∏≠‡∏ô‡∏∏‡∏°‡∏π‡∏•‡∏≠‡∏¥‡∏™‡∏£‡∏∞ ‡∏õ‡πâ‡∏≠‡∏á‡∏Å‡∏±‡∏ô‡∏°‡∏∞‡πÄ‡∏£‡πá‡∏á‡πÅ‡∏•‡∏∞‡∏ä‡πà‡∏ß‡∏¢‡πÉ‡∏´‡πâ‡∏£‡∏∞‡∏ö‡∏ö‡∏´‡∏±‡∏ß‡πÉ‡∏à ‡πÅ‡∏•‡∏∞‡πÑ‡∏´‡∏•‡πÄ‡∏ß‡∏µ‡∏¢‡∏ô‡πÇ‡∏•‡∏´‡∏¥‡∏ï‡∏î‡∏µ‡∏Ç‡∏∂‡πâ‡∏ô,fact,https://www.antifakenewscenter.com/%e0%b8%9c%e0%b8%a5%e0%b8%b4%e0%b8%95%e0%b8%a0%e0%b8%b1%e0%b8%93%e0%b8%91%e0%b9%8c%e0%b8%aa%e0%b8%b8%e0%b8%82%e0%b8%a0%e0%b8%b2%e0%b8%9e/%e0%b8%aa%e0%b9%89%e0%b8%a1%e0%b8%81%e0%b8%b4%e0%b8%a1%e0%b8%88%e0%b9%89%e0%b8%ad-%e0%b8%a1%e0%b8%b5%e0%b8%aa%e0%b8%a3%e0%b8%a3%e0%b8%9e%e0%b8%84%e0%b8%b8%e0%b8%93%e0%b8%9b%e0%b9%89%e0%b8%ad%e0%b8%87%e0%b8%81%e0%b8%b1%e0%b8%99%e0%b8%81%e0%b8%b2%e0%b8%a3%e0%b9%80%e0%b8%81%e0%b8%b4%e0%b8%94%e0%b8%a1%e0%b8%b0%e0%b9%80%e0%b8%a3%e0%b9%87%e0%b8%87%e0%b8%a5%e0%b8%b3%e0%b9%84%e0%b8%aa%e0%b9%89%e0%b9%81%e0%b8%a5%e0%b8%b0%e0%b8%81%e0%b8%b2%e0%b8%a3%e0%b8%82%e0%b8%b1%e0%b8%9a%e0%b8%96%e0%b9%88%e0%b8%b2%e0%b8%a2%e0%b8%84%e0%b8%a5%e0%b9%88%e0%b8%ad%e0%b8%87%e0%b8%82%e0%b8%b6%e0%b9%89%e0%b8%99-%e0%b8%88%e0%b8%a3%e0%b8%b4%e0%b8%87%e0%b8%ab%e0%b8%a3%e0%b8%b7%e0%b8%ad/,fake,FP,99.97%
"‡∏Å‡∏≤‡∏£‡πÄ‡∏Å‡∏¥‡∏î‡∏Ñ‡∏µ‡∏•‡∏≠‡∏¢‡∏î‡πå‡∏à‡∏≤‡∏Å‡∏Å‡∏≤‡∏£‡πÄ‡∏à‡∏≤‡∏∞‡∏´‡∏π‡πÇ‡∏î‡∏¢‡∏õ‡∏£‡∏∞‡∏°‡∏≤‡∏ì‡∏à‡∏∞‡∏ô‡πâ‡∏≠‡∏¢‡∏Å‡∏ß‡πà‡∏≤ 2.5% ‡∏°‡∏µ‡∏Å‡∏≤‡∏£‡∏®‡∏∂‡∏Å‡∏©‡∏≤‡∏à‡∏≤‡∏Å‡∏Ñ‡∏ì‡∏∞‡πÅ‡∏û‡∏ó‡∏¢‡∏®‡∏≤‡∏™‡∏ï‡∏£‡πå ‡πÇ‡∏£‡∏á‡∏û‡∏¢‡∏≤‡∏ö‡∏≤‡∏•‡∏£‡∏≤‡∏°‡∏≤‡∏ò‡∏¥‡∏ö‡∏î‡∏µ ‡∏°‡∏´‡∏≤‡∏ß‡∏¥‡∏ó‡∏¢‡∏≤‡∏•‡∏±‡∏¢‡∏°‡∏´‡∏¥‡∏î‡∏• ‡∏û‡∏ö‡∏ß‡πà‡∏≤‡∏õ‡∏±‡∏à‡∏à‡∏±‡∏¢‡∏ó‡∏µ‡πà‡∏°‡∏µ‡∏ú‡∏•‡∏ï‡πà‡∏≠‡∏Å‡∏≤‡∏£‡πÄ‡∏Å‡∏¥‡∏î‡∏Ñ‡∏µ‡∏•‡∏≠‡∏¢‡∏î‡πå‡∏à‡∏≤‡∏Å‡∏Å‡∏≤‡∏£‡πÄ‡∏à‡∏≤‡∏∞‡∏´‡∏π‡∏Ñ‡∏∑‡∏≠ ‡∏Å‡∏≤‡∏£‡∏ó‡∏µ‡πà‡∏°‡∏µ‡∏Å‡∏≤‡∏£‡∏ï‡∏¥‡∏î‡πÄ‡∏ä‡∏∑‡πâ‡∏≠ ‡∏Å‡∏≤‡∏£‡∏≠‡∏±‡∏Å‡πÄ‡∏™‡∏ö‡πÄ‡∏£‡∏∑‡πâ‡∏≠‡∏£‡∏±‡∏á‡∏´‡∏•‡∏±‡∏á‡∏à‡∏≤‡∏Å‡∏Å‡∏≤‡∏£‡πÄ‡∏à‡∏≤‡∏∞‡∏´‡∏π ‡∏Å‡∏≤‡∏£‡πÅ‡∏û‡πâ‡∏ï‡∏±‡∏ß‡∏ï‡∏∏‡πâ‡∏°‡∏´‡∏π‡∏ó‡∏µ‡πà‡πÉ‡∏™‡πà ‡πÅ‡∏•‡∏∞‡∏ï‡∏≥‡πÅ‡∏´‡∏ô‡πà‡∏á‡∏ó‡∏µ‡πà‡∏°‡∏µ‡∏Ñ‡∏ß‡∏≤‡∏°‡πÄ‡∏™‡∏µ‡πà‡∏¢‡∏á‡πÄ‡∏û‡∏¥‡πà‡∏°‡∏Ç‡∏∂‡πâ‡∏ô‡∏Ñ‡∏∑‡∏≠‡∏ö‡∏£‡∏¥‡πÄ‡∏ß‡∏ì‡πÉ‡∏ö‡∏´‡∏π‡∏ó‡∏µ‡πà‡∏Å‡∏£‡∏∞‡∏î‡∏π‡∏Å‡∏≠‡πà‡∏≠‡∏ô‡∏´‡∏≤‡∏Å‡πÄ‡∏à‡∏≤‡∏∞‡∏´‡∏π‡∏ö‡∏£‡∏¥‡πÄ‡∏ß‡∏ì‡∏ô‡∏µ‡πâ‡∏à‡∏∞‡∏°‡∏µ‡πÇ‡∏≠‡∏Å‡∏≤‡∏™‡πÄ‡∏Å‡∏¥‡∏î‡∏Å‡∏≤‡∏£‡∏ï‡∏¥‡∏î‡πÄ‡∏ä‡∏∑‡πâ‡∏≠‡πÅ‡∏•‡∏∞‡∏Å‡∏≤‡∏£‡∏≠‡∏±‡∏Å‡πÄ‡∏™‡∏ö‡πÑ‡∏î‡πâ‡∏°‡∏≤‡∏Å‡∏Å‡∏ß‡πà‡∏≤‡∏ö‡∏£‡∏¥‡πÄ‡∏ß‡∏ì‡∏ï‡∏¥‡πà‡∏á‡∏´‡∏π ‡∏î‡∏±‡∏á‡∏ô‡∏±‡πâ‡∏ô‡πÉ‡∏ô‡∏Å‡∏≤‡∏£‡∏®‡∏∂‡∏Å‡∏©‡∏≤‡∏ô‡∏µ‡πâ‡∏à‡∏∂‡∏á‡πÅ‡∏ô‡∏∞‡∏ô‡∏≥‡πÉ‡∏´‡πâ‡πÄ‡∏à‡∏≤‡∏∞‡∏´‡∏π‡∏î‡πâ‡∏ß‡∏¢‡πÄ‡∏ó‡∏Ñ‡∏ô‡∏¥‡∏Ñ‡∏õ‡∏£‡∏≤‡∏®‡∏à‡∏≤‡∏Å‡πÄ‡∏ä‡∏∑‡πâ‡∏≠ (sterile technique) ‡πÅ‡∏•‡∏∞‡πÄ‡∏à‡∏≤‡∏∞‡πÄ‡∏â‡∏û‡∏≤‡∏∞‡∏ö‡∏£‡∏¥‡πÄ‡∏ß‡∏ì‡∏ï‡∏¥‡πà‡∏á‡∏´‡∏π‡πÄ‡∏û‡∏∑‡πà‡∏≠‡∏•‡∏î‡πÇ‡∏≠‡∏Å‡∏≤‡∏™‡∏Å‡∏≤‡∏£‡∏ï‡∏¥‡∏î‡πÄ‡∏ä‡∏∑‡πâ‡∏≠‡πÅ‡∏•‡∏∞‡∏Å‡∏≤‡∏£‡∏≠‡∏±‡∏Å‡πÄ‡∏™‡∏ö‡∏ó‡∏µ‡πà‡∏à‡∏∞‡∏ô‡∏≥‡πÑ‡∏õ‡∏™‡∏π‡πà‡∏Å‡∏≤‡∏£‡πÄ‡∏Å‡∏¥‡∏î‡∏Ñ‡∏µ‡∏•‡∏≠‡∏¢‡∏î‡πå‡∏´‡∏•‡∏±‡∏á‡∏Å‡∏≤‡∏£‡πÄ‡∏à‡∏≤‡∏∞‡∏´‡∏π
",fact,https://www.antifakenewscenter.com/%e0%b8%9c%e0%b8%a5%e0%b8%b4%e0%b8%95%e0%b8%a0%e0%b8%b1%e0%b8%93%e0%b8%91%e0%b9%8c%e0%b8%aa%e0%b8%b8%e0%b8%82%e0%b8%a0%e0%b8%b2%e0%b8%9e/%e0%b8%81%e0%b8%b2%e0%b8%a3%e0%b9%80%e0%b8%88%e0%b8%b2%e0%b8%b0%e0%b8%ab%e0%b8%b9-%e0%b9%80%e0%b8%aa%e0%b8%b5%e0%b9%88%e0%b8%a2%e0%b8%87%e0%b9%80%e0%b8%9b%e0%b9%87%e0%b8%99%e0%b8%84%e0%b8%b5%e0%b8%a5%e0%b8%ad%e0%b8%a2%e0%b8%94%e0%b9%8c%e0%b9%81%e0%b8%a5%e0%b8%b0%e0%b9%81%e0%b8%9c%e0%b8%a5%e0%b8%aa%e0%b8%b2%e0%b8%a1%e0%b8%b2%e0%b8%a3%e0%b8%96%e0%b8%82%e0%b8%a2%e0%b8%b2%e0%b8%a2%e0%b9%83%e0%b8%ab%e0%b8%8d%e0%b9%88%e0%b9%84%e0%b8%94%e0%b9%89%e0%b9%80%e0%b8%a3%e0%b8%b7%e0%b9%88%e0%b8%ad%e0%b8%a2%e0%b9%86-%e0%b8%88%e0%b8%a3%e0%b8%b4%e0%b8%87%e0%b8%ab%e0%b8%a3%e0%b8%b7%e0%b8%ad/,fact,TN,
"‡∏Å‡∏≤‡∏£‡πÉ‡∏ä‡πâ ATK ‡∏ï‡πâ‡∏≠‡∏á‡πÉ‡∏ä‡πâ‡∏≠‡∏¢‡πà‡∏≤‡∏á‡∏£‡∏∞‡∏ß‡∏±‡∏á ‡πÉ‡∏ô ATK ‡∏°‡∏±‡∏ô‡∏°‡∏µ‡∏™‡πà‡∏ß‡∏ô‡∏ú‡∏™‡∏°‡∏Ç‡∏≠‡∏á Sodium Azide ‡πÄ‡∏Ç‡πâ‡∏≤‡πÉ‡∏à‡∏ß‡πà‡∏≤‡∏≠‡∏¢‡∏π‡πà‡πÉ‡∏ô‡∏´‡∏•‡∏≠‡∏î‡∏¢‡∏≤‡∏ó‡∏µ‡πà‡∏´‡∏¢‡∏≠‡∏î Sodium Azide ‡πÇ‡∏î‡∏ô‡∏ï‡∏≤‡∏ï‡∏≤‡∏ö‡∏≠‡∏î‡πÑ‡∏î‡πâ ‡πÇ‡∏î‡∏ô‡∏ú‡∏¥‡∏ß‡∏Å‡πá‡∏≠‡∏≤‡∏à‡∏£‡∏∞‡∏Ñ‡∏≤‡∏¢‡πÄ‡∏Ñ‡∏∑‡∏≠‡∏á ‡∏ö‡∏≤‡∏á‡∏Ñ‡∏ô‡∏Å‡πá‡∏£‡∏∏‡∏ô‡πÅ‡∏£‡∏á ‡∏ñ‡πâ‡∏≤‡∏Å‡∏¥‡∏ô‡πÄ‡∏Ç‡πâ‡∏≤‡πÑ‡∏õ‡∏≠‡∏≤‡∏à‡∏à‡∏∞‡∏≠‡∏±‡∏ô‡∏ï‡∏£‡∏≤‡∏¢‡∏£‡∏∏‡∏ô‡πÅ‡∏£‡∏á‡∏≠‡∏≤‡∏à‡∏ñ‡∏∂‡∏á‡∏Ç‡∏±‡πâ‡∏ô‡πÄ‡∏™‡∏µ‡∏¢‡∏ä‡∏µ‡∏ß‡∏¥‡∏ï ‡∏Ñ‡∏ß‡∏£‡πÉ‡∏ä‡πâ‡πÅ‡∏ï‡πà‡∏û‡∏≠‡∏î‡∏µ ‡∏ó‡∏≤‡∏á‡∏Å‡∏£‡∏°‡∏ß‡∏¥‡∏ó‡∏¢‡∏≤‡∏®‡∏≤‡∏™‡∏ï‡∏£‡πå‡∏Å‡∏≤‡∏£‡πÅ‡∏û‡∏ó‡∏¢‡πå ‡∏Å‡∏£‡∏∞‡∏ó‡∏£‡∏ß‡∏á‡∏™‡∏≤‡∏ò‡∏≤‡∏£‡∏ì‡∏™‡∏∏‡∏Ç‡πÑ‡∏î‡πâ‡∏ä‡∏µ‡πâ‡πÅ‡∏à‡∏á‡∏ß‡πà‡∏≤ Sodium azide ‡πÄ‡∏õ‡πá‡∏ô‡∏™‡∏≤‡∏£‡∏£‡∏±‡∏Å‡∏©‡∏≤‡∏™‡∏†‡∏≤‡∏û antibody ‡∏ã‡∏∂‡πà‡∏á‡∏´‡∏≤‡∏Å‡πÇ‡∏î‡∏ô‡πÉ‡∏ô‡∏õ‡∏£‡∏¥‡∏°‡∏≤‡∏ì‡∏ô‡πâ‡∏≠‡∏¢‡∏Å‡πá‡πÑ‡∏°‡πà‡∏°‡∏µ‡∏ú‡∏•‡∏ñ‡∏∂‡∏á‡∏Å‡∏±‡∏ö‡∏ï‡∏≤‡∏ö‡∏≠‡∏î ‡πÅ‡∏ï‡πà‡∏´‡∏≤‡∏Å‡πÇ‡∏î‡∏ô‡πÇ‡∏î‡∏¢‡∏ï‡∏£‡∏á‡πÉ‡∏ô‡∏õ‡∏£‡∏¥‡∏°‡∏≤‡∏ì‡∏°‡∏≤‡∏Å‡∏Å‡πá‡∏≠‡∏≤‡∏à‡∏°‡∏µ‡∏Ñ‡∏ß‡∏≤‡∏°‡πÄ‡∏™‡∏µ‡πà‡∏¢‡∏á‡πÑ‡∏î‡πâ ‡πÄ‡∏û‡∏£‡∏≤‡∏∞‡πÄ‡∏õ‡πá‡∏ô‡∏™‡πà‡∏ß‡∏ô‡∏õ‡∏£‡∏∞‡∏Å‡∏≠‡∏ö‡∏Ç‡∏≠‡∏á‡∏™‡∏≤‡∏£‡πÉ‡∏ô ATK ‡πÅ‡∏•‡∏∞ buffer ‡∏Å‡∏£‡∏ì‡∏µ‡∏Å‡∏£‡∏∞‡πÄ‡∏î‡πá‡∏ô‡πÄ‡∏Ç‡πâ‡∏≤‡∏ï‡∏≤‡∏´‡∏£‡∏∑‡∏≠‡∏ú‡∏¥‡∏ß‡∏´‡∏ô‡∏±‡∏á‡πÉ‡∏´‡πâ‡∏•‡πâ‡∏≤‡∏á‡∏î‡πâ‡∏ß‡∏¢‡∏ô‡πâ‡∏≥‡πÄ‡∏õ‡∏•‡πà‡∏≤ ‡∏´‡∏≤‡∏Å‡∏¢‡∏±‡∏á‡∏£‡∏∞‡∏Ñ‡∏≤‡∏¢‡πÄ‡∏Ñ‡∏∑‡∏≠‡∏á‡πÉ‡∏´‡πâ‡∏û‡∏ö‡πÅ‡∏û‡∏ó‡∏¢‡πå",fact,https://www.antifakenewscenter.com/%e0%b8%9c%e0%b8%a5%e0%b8%b4%e0%b8%95%e0%b8%a0%e0%b8%b1%e0%b8%93%e0%b8%91%e0%b9%8c%e0%b8%aa%e0%b8%b8%e0%b8%82%e0%b8%a0%e0%b8%b2%e0%b8%9e/%e0%b8%95%e0%b8%a3%e0%b8%a7%e0%b8%88-atk-%e0%b9%84%e0%b8%a1%e0%b9%88%e0%b8%a3%e0%b8%b0%e0%b8%a7%e0%b8%b1%e0%b8%87%e0%b9%80%e0%b8%aa%e0%b8%b5%e0%b9%88%e0%b8%a2%e0%b8%87%e0%b8%95%e0%b8%b2%e0%b8%9a%e0%b8%ad%e0%b8%94%e0%b8%ab%e0%b8%b2%e0%b8%81%e0%b9%82%e0%b8%94%e0%b8%99%e0%b8%aa%e0%b8%b2%e0%b8%a3-sodium-azide-%e0%b9%80%e0%b8%82%e0%b9%89%e0%b8%b2%e0%b8%97%e0%b8%b5%e0%b9%88%e0%b8%94%e0%b8%a7%e0%b8%87%e0%b8%95%e0%b8%b2-%e0%b8%88%e0%b8%a3%e0%b8%b4%e0%b8%87%e0%b8%ab%e0%b8%a3%e0%b8%b7%e0%b8%ad/,fact,TN,
"‡∏ô‡∏û.‡πÇ‡∏≠‡∏†‡∏≤‡∏™‡∏Å‡∏•‡πà‡∏≤‡∏ß‡∏ß‡πà‡∏≤‡πÄ‡∏£‡∏¥‡πà‡∏°‡∏ï‡πâ‡∏ô‡πÇ‡∏£‡∏Ñ‡πÇ‡∏Ñ‡∏ß‡∏¥‡∏î 19 ‡πÄ‡∏õ‡πá‡∏ô‡πÇ‡∏£‡∏Ñ‡∏≠‡∏∏‡∏ö‡∏±‡∏ï‡∏¥‡πÉ‡∏´‡∏°‡πà ‡∏¢‡∏±‡∏á‡πÑ‡∏°‡πà‡∏°‡∏µ‡∏¢‡∏≤‡∏£‡∏±‡∏Å‡∏©‡∏≤‡πÇ‡∏î‡∏¢‡πÄ‡∏â‡∏û‡∏≤‡∏∞ ‡∏ö‡∏∏‡∏Ñ‡∏•‡∏≤‡∏Å‡∏£‡∏ó‡∏≤‡∏á‡∏Å‡∏≤‡∏£‡πÅ‡∏û‡∏ó‡∏¢‡πå‡∏à‡∏∂‡∏á‡∏ï‡πâ‡∏≠‡∏á‡∏´‡∏≤‡∏ß‡∏¥‡∏ò‡∏µ‡πÉ‡∏ô‡∏Å‡∏≤‡∏£‡∏£‡∏±‡∏Å‡∏©‡∏≤ ‡πÇ‡∏î‡∏¢‡∏ô‡∏≥‡∏¢‡∏≤‡∏ï‡πâ‡∏≤‡∏ô‡πÑ‡∏ß‡∏£‡∏±‡∏™‡∏ó‡∏µ‡πà‡∏Ç‡∏∂‡πâ‡∏ô‡∏ó‡∏∞‡πÄ‡∏ö‡∏µ‡∏¢‡∏ô‡πÉ‡∏ä‡πâ‡∏≠‡∏¢‡∏π‡πà‡πÄ‡∏î‡∏¥‡∏°‡πÅ‡∏•‡∏∞‡∏°‡∏µ‡∏Å‡∏•‡πÑ‡∏Å‡∏Å‡∏≤‡∏£‡∏≠‡∏≠‡∏Å‡∏§‡∏ó‡∏ò‡∏¥‡πå‡∏ó‡∏µ‡πà‡∏ô‡πà‡∏≤‡∏à‡∏∞‡∏¢‡∏±‡∏ö‡∏¢‡∏±‡πâ‡∏á‡πÄ‡∏ä‡∏∑‡πâ‡∏≠‡πÑ‡∏î‡πâ‡∏°‡∏≤‡∏ó‡∏î‡∏•‡∏≠‡∏á‡πÉ‡∏ä‡πâ ‡∏≠‡∏≤‡∏ó‡∏¥ ‡∏¢‡∏≤‡∏ï‡πâ‡∏≤‡∏ô‡πÑ‡∏ß‡∏£‡∏±‡∏™‡πÄ‡∏≠‡∏ä‡πÑ‡∏≠‡∏ß‡∏µ ‡∏¢‡∏≤‡∏£‡∏±‡∏Å‡∏©‡∏≤‡πÑ‡∏Ç‡πâ‡∏´‡∏ß‡∏±‡∏î‡πÉ‡∏´‡∏ç‡πà ‡πÄ‡∏õ‡πá‡∏ô‡∏ï‡πâ‡∏ô ‡πÅ‡∏•‡∏∞‡∏û‡∏ö‡∏ß‡πà‡∏≤‡∏¢‡∏≤‡∏ü‡∏≤‡∏ß‡∏¥‡∏û‡∏¥‡∏£‡∏≤‡πÄ‡∏ß‡∏µ‡∏¢‡∏£‡πå‡∏ó‡∏µ‡πà‡∏Ç‡∏∂‡πâ‡∏ô‡∏ó‡∏∞‡πÄ‡∏ö‡∏µ‡∏¢‡∏ô‡∏Å‡∏±‡∏ö ‡∏≠‡∏¢.‡πÉ‡∏ô‡∏Å‡∏≤‡∏£‡∏£‡∏±‡∏Å‡∏©‡∏≤‡πÑ‡∏Ç‡πâ‡∏´‡∏ß‡∏±‡∏î‡πÉ‡∏´‡∏ç‡πà ‡∏ó‡∏≥‡πÉ‡∏´‡πâ‡∏ú‡∏π‡πâ‡∏õ‡πà‡∏ß‡∏¢‡∏´‡∏•‡∏≤‡∏¢‡∏£‡∏≤‡∏¢‡∏≠‡∏≤‡∏Å‡∏≤‡∏£‡∏î‡∏µ‡∏Ç‡∏∂‡πâ‡∏ô ‡∏ã‡∏∂‡πà‡∏á‡πÉ‡∏ô‡∏™‡∏ñ‡∏≤‡∏ô‡∏Å‡∏≤‡∏£‡∏ì‡πå‡∏Å‡∏≤‡∏£‡∏£‡∏∞‡∏ö‡∏≤‡∏î‡∏ó‡∏µ‡πà‡∏°‡∏µ‡∏ú‡∏π‡πâ‡∏õ‡πà‡∏ß‡∏¢‡∏à‡∏≥‡∏ô‡∏ß‡∏ô‡∏°‡∏≤‡∏Å ‡∏Å‡∏≤‡∏£‡∏à‡∏±‡∏î‡∏´‡∏≤‡∏¢‡∏≤‡∏°‡∏≤‡πÉ‡∏ä‡πâ‡∏ô‡∏≠‡∏Å‡∏à‡∏≤‡∏Å‡∏õ‡∏£‡∏∞‡∏™‡∏¥‡∏ó‡∏ò‡∏¥‡∏†‡∏≤‡∏û‡πÉ‡∏ô‡∏Å‡∏≤‡∏£‡∏£‡∏±‡∏Å‡∏©‡∏≤‡πÅ‡∏•‡∏∞‡∏Ñ‡∏ß‡∏≤‡∏°‡∏õ‡∏•‡∏≠‡∏î‡∏†‡∏±‡∏¢ ‡∏¢‡∏±‡∏á‡∏ï‡πâ‡∏≠‡∏á‡∏û‡∏¥‡∏à‡∏≤‡∏£‡∏ì‡∏≤‡πÄ‡∏£‡∏∑‡πà‡∏≠‡∏á‡∏Ç‡∏≠‡∏á‡∏à‡∏≥‡∏ô‡∏ß‡∏ô‡∏ú‡∏π‡πâ‡∏õ‡πà‡∏ß‡∏¢‡∏ó‡∏µ‡πà‡∏ï‡πâ‡∏≠‡∏á‡∏à‡∏±‡∏î‡∏´‡∏≤‡∏¢‡∏≤‡∏°‡∏≤‡∏£‡∏≠‡∏á‡∏£‡∏±‡∏ö ‡πÅ‡∏•‡∏∞‡∏Ñ‡∏ß‡∏≤‡∏°‡∏™‡∏≤‡∏°‡∏≤‡∏£‡∏ñ‡πÉ‡∏ô‡∏Å‡∏≤‡∏£‡∏à‡∏±‡∏î‡∏ö‡∏£‡∏¥‡∏Å‡∏≤‡∏£‡∏î‡πâ‡∏ß‡∏¢ ‡∏ã‡∏∂‡πà‡∏á‡∏¢‡∏≤‡∏ü‡∏≤‡∏ß‡∏¥‡∏û‡∏¥‡∏£‡∏≤‡πÄ‡∏ß‡∏µ‡∏¢‡∏£‡πå‡∏õ‡∏£‡∏∞‡πÄ‡∏ó‡∏®‡πÑ‡∏ó‡∏¢‡∏™‡∏≤‡∏°‡∏≤‡∏£‡∏ñ‡∏à‡∏±‡∏î‡∏´‡∏≤‡∏à‡∏≥‡∏ô‡∏ß‡∏ô‡∏°‡∏≤‡∏Å‡πÑ‡∏î‡πâ‡πÉ‡∏ô‡∏£‡∏≤‡∏Ñ‡∏≤‡∏ó‡∏µ‡πà‡πÑ‡∏°‡πà‡πÅ‡∏û‡∏á‡∏à‡∏ô‡πÄ‡∏Å‡∏¥‡∏ô‡πÑ‡∏õ ‡πÅ‡∏•‡∏∞‡∏°‡∏µ‡∏ú‡∏•‡∏Å‡∏≤‡∏£‡∏£‡∏±‡∏Å‡∏©‡∏≤‡∏ó‡∏µ‡πà‡∏î‡∏µ ‡∏´‡∏≤‡∏Å‡∏õ‡πà‡∏ß‡∏¢‡∏≠‡∏≤‡∏Å‡∏≤‡∏£‡πÑ‡∏°‡πà‡∏£‡∏∏‡∏ô‡πÅ‡∏£‡∏á‡πÅ‡∏•‡∏∞‡πÉ‡∏ä‡πâ‡∏£‡∏±‡∏Å‡∏©‡∏≤‡πÄ‡∏£‡πá‡∏ß ‡∏à‡∏∞‡∏•‡∏î‡πÇ‡∏≠‡∏Å‡∏≤‡∏™‡πÄ‡∏Å‡∏¥‡∏î‡∏≠‡∏≤‡∏Å‡∏≤‡∏£‡∏£‡∏∏‡∏ô‡πÅ‡∏£‡∏á‡πÅ‡∏•‡∏∞‡∏´‡∏≤‡∏¢‡∏õ‡πà‡∏ß‡∏¢‡πÑ‡∏î‡πâ ‡∏ú‡∏π‡πâ‡πÄ‡∏ä‡∏µ‡πà‡∏¢‡∏ß‡∏ä‡∏≤‡∏ç‡∏ó‡∏±‡πâ‡∏á‡∏î‡πâ‡∏≤‡∏ô‡∏Å‡∏≤‡∏£‡∏£‡∏±‡∏Å‡∏©‡∏≤‡πÅ‡∏•‡∏∞‡∏Ñ‡∏ß‡∏ö‡∏Ñ‡∏∏‡∏°‡∏õ‡πâ‡∏≠‡∏á‡∏Å‡∏±‡∏ô‡πÇ‡∏£‡∏Ñ‡πÑ‡∏î‡πâ‡∏û‡∏¥‡∏à‡∏≤‡∏£‡∏ì‡∏≤‡∏£‡πà‡∏ß‡∏°‡∏Å‡∏±‡∏ô‡∏≠‡∏¢‡πà‡∏≤‡∏á‡∏£‡∏≠‡∏ö‡∏Ñ‡∏≠‡∏ö‡πÅ‡∏•‡πâ‡∏ß‡∏à‡∏∂‡∏á‡∏ï‡∏±‡∏î‡∏™‡∏¥‡∏ô‡πÉ‡∏à‡∏ô‡∏≥‡∏°‡∏≤‡πÉ‡∏ä‡πâ

‡∏ô‡∏≠‡∏Å‡∏à‡∏≤‡∏Å‡∏ô‡∏µ‡πâ ‡∏¢‡∏±‡∏á‡∏°‡∏µ‡∏Å‡∏≤‡∏£‡∏®‡∏∂‡∏Å‡∏©‡∏≤‡∏Å‡∏≤‡∏£‡πÉ‡∏ä‡πâ‡∏¢‡∏≤‡∏ü‡∏≤‡∏ß‡∏¥‡∏û‡∏¥‡∏£‡∏≤‡πÄ‡∏ß‡∏µ‡∏¢‡∏£‡πå ‡πÇ‡∏î‡∏¢‡∏®‡∏π‡∏ô‡∏¢‡πå‡∏ß‡∏¥‡∏à‡∏±‡∏¢‡∏ó‡∏≤‡∏á‡∏Ñ‡∏•‡∏¥‡∏ô‡∏¥‡∏Å ‡∏Ñ‡∏ì‡∏∞‡πÅ‡∏û‡∏ó‡∏¢‡∏®‡∏≤‡∏™‡∏ï‡∏£‡πå‡∏®‡∏¥‡∏£‡∏¥‡∏£‡∏≤‡∏ä‡∏û‡∏¢‡∏≤‡∏ö‡∏≤‡∏• ‡∏£‡πà‡∏ß‡∏°‡∏Å‡∏±‡∏ö ‡∏™‡∏ñ‡∏≤‡∏ö‡∏±‡∏ô‡∏ö‡∏≥‡∏£‡∏≤‡∏®‡∏ô‡∏£‡∏≤‡∏î‡∏π‡∏£ ‡∏Å‡∏£‡∏°‡∏Ñ‡∏ß‡∏ö‡∏Ñ‡∏∏‡∏°‡πÇ‡∏£‡∏Ñ ‡πÅ‡∏•‡∏∞‡∏Å‡∏£‡∏°‡∏ß‡∏¥‡∏ó‡∏¢‡∏≤‡∏®‡∏≤‡∏™‡∏ï‡∏£‡πå‡∏Å‡∏≤‡∏£‡πÅ‡∏û‡∏ó‡∏¢‡πå ‡πÇ‡∏î‡∏¢‡πÅ‡∏ö‡πà‡∏á‡∏®‡∏∂‡∏Å‡∏©‡∏≤‡πÉ‡∏ô‡∏ú‡∏π‡πâ‡∏õ‡πà‡∏ß‡∏¢ 2 ‡∏Å‡∏•‡∏∏‡πà‡∏° ‡∏Å‡∏•‡∏∏‡πà‡∏°‡πÅ‡∏£‡∏Å 62 ‡∏£‡∏≤‡∏¢ ‡πÑ‡∏î‡πâ‡∏£‡∏±‡∏ö‡∏¢‡∏≤‡∏ü‡∏≤‡∏ß‡∏¥‡∏û‡∏¥‡∏£‡∏≤‡πÄ‡∏ß‡∏µ‡∏¢‡∏£‡πå‡∏ï‡∏≤‡∏°‡∏™‡∏π‡∏ï‡∏£ ‡∏Ñ‡∏∑‡∏≠ 1,800 ‡∏°‡∏¥‡∏•‡∏•‡∏¥‡∏Å‡∏£‡∏±‡∏° ‡∏ß‡∏±‡∏ô‡∏•‡∏∞ 2 ‡∏Ñ‡∏£‡∏±‡πâ‡∏á‡πÉ‡∏ô‡∏ß‡∏±‡∏ô‡πÅ‡∏£‡∏Å ‡πÅ‡∏•‡∏∞ 800 ‡∏°‡∏¥‡∏•‡∏•‡∏¥‡∏Å‡∏£‡∏±‡∏° ‡∏ß‡∏±‡∏ô‡∏•‡∏∞ 2 ‡∏Ñ‡∏£‡∏±‡πâ‡∏á ‡∏≠‡∏µ‡∏Å 4 ‡∏ß‡∏±‡∏ô ‡∏™‡πà‡∏ß‡∏ô‡∏Å‡∏•‡∏∏‡πà‡∏°‡∏ó‡∏µ‡πà‡∏™‡∏≠‡∏á 31 ‡∏£‡∏≤‡∏¢ ‡πÑ‡∏°‡πà‡πÑ‡∏î‡πâ‡∏£‡∏±‡∏ö‡∏¢‡∏≤‡∏ü‡∏≤‡∏ß‡∏¥‡∏û‡∏¥‡∏£‡∏≤‡πÄ‡∏ß‡∏µ‡∏¢‡∏£‡πå ‡∏ï‡∏¥‡∏î‡∏ï‡∏≤‡∏°‡∏à‡∏≤‡∏Å‡∏Å‡∏≤‡∏£‡∏õ‡∏£‡∏∞‡πÄ‡∏°‡∏¥‡∏ô‡∏≠‡∏≤‡∏Å‡∏≤‡∏£‡∏Ç‡∏≠‡∏á‡∏ú‡∏π‡πâ‡∏õ‡πà‡∏ß‡∏¢‡πÅ‡∏•‡∏∞‡∏ß‡∏±‡∏î‡∏õ‡∏£‡∏¥‡∏°‡∏≤‡∏ì‡πÑ‡∏ß‡∏£‡∏±‡∏™‡πÉ‡∏ô‡πÇ‡∏û‡∏£‡∏á‡∏à‡∏°‡∏π‡∏Å ‡∏û‡∏ö‡∏ß‡πà‡∏≤ ‡∏†‡∏≤‡∏¢‡πÉ‡∏ô 14 ‡∏ß‡∏±‡∏ô ‡∏Å‡∏•‡∏∏‡πà‡∏°‡∏ó‡∏µ‡πà‡πÑ‡∏î‡πâ‡∏£‡∏±‡∏ö‡∏¢‡∏≤‡∏ü‡∏≤‡∏ß‡∏¥‡∏û‡∏¥‡∏£‡∏≤‡πÄ‡∏ß‡∏µ‡∏¢‡∏£‡πå‡∏°‡∏µ‡∏≠‡∏≤‡∏Å‡∏≤‡∏£‡∏î‡∏µ‡∏Ç‡∏∂‡πâ‡∏ô 79% ‡∏™‡πà‡∏ß‡∏ô‡∏Å‡∏•‡∏∏‡πà‡∏°‡∏ó‡∏µ‡πà‡πÑ‡∏°‡πà‡πÑ‡∏î‡πâ‡∏£‡∏±‡∏ö‡∏¢‡∏≤‡∏≠‡∏≤‡∏Å‡∏≤‡∏£‡∏î‡∏µ‡∏Ç‡∏∂‡πâ‡∏ô 32.3% ‡πÇ‡∏î‡∏¢‡∏ú‡∏π‡πâ‡πÑ‡∏î‡πâ‡∏£‡∏±‡∏ö‡∏¢‡∏≤‡∏ü‡∏≤‡∏ß‡∏¥‡∏û‡∏¥‡∏£‡∏≤‡πÄ‡∏ß‡∏µ‡∏¢‡∏£‡πå‡∏°‡∏µ‡∏≠‡∏≤‡∏Å‡∏≤‡∏£‡∏î‡∏µ‡∏Ç‡∏∂‡πâ‡∏ô‡∏ï‡∏±‡πâ‡∏á‡πÅ‡∏ï‡πà‡∏ß‡∏±‡∏ô‡∏ó‡∏µ‡πà 2 ‡∏Ç‡∏≠‡∏á‡∏Å‡∏≤‡∏£‡∏£‡∏±‡∏Å‡∏©‡∏≤ ‡πÅ‡∏•‡∏∞‡πÉ‡∏ô‡∏ß‡∏±‡∏ô‡∏ó‡∏µ‡πà 13 ‡πÅ‡∏•‡∏∞ 28 ‡∏Ç‡∏≠‡∏á‡∏Å‡∏≤‡∏£‡∏£‡∏±‡∏Å‡∏©‡∏≤‡∏à‡∏∞‡∏°‡∏µ‡∏õ‡∏£‡∏¥‡∏°‡∏≤‡∏ì‡πÑ‡∏ß‡∏£‡∏±‡∏™‡∏ï‡πà‡∏≥‡∏Å‡∏ß‡πà‡∏≤‡∏ú‡∏π‡πâ‡∏ó‡∏µ‡πà‡πÑ‡∏°‡πà‡πÑ‡∏î‡πâ‡∏£‡∏±‡∏ö‡∏¢‡∏≤ ‡πÅ‡∏ï‡πà‡∏°‡∏µ‡∏Ç‡πâ‡∏≠‡∏à‡∏≥‡∏Å‡∏±‡∏î ‡∏Ñ‡∏∑‡∏≠ ‡∏´‡∏≤‡∏Å‡∏£‡∏±‡∏Å‡∏©‡∏≤‡∏ä‡πâ‡∏≤‡πÅ‡∏•‡∏∞‡∏≠‡∏≤‡∏Å‡∏≤‡∏£‡∏Ñ‡πà‡∏≠‡∏ô‡∏Ç‡πâ‡∏≤‡∏á‡∏´‡∏ô‡∏±‡∏Å ‡∏õ‡∏£‡∏∞‡∏™‡∏¥‡∏ó‡∏ò‡∏¥‡∏†‡∏≤‡∏û‡∏Ç‡∏≠‡∏á‡∏¢‡∏≤‡∏à‡∏∞‡πÑ‡∏°‡πà‡∏î‡∏µ‡∏ô‡∏±‡∏Å",fact,https://www.antifakenewscenter.com/%e0%b8%9c%e0%b8%a5%e0%b8%b4%e0%b8%95%e0%b8%a0%e0%b8%b1%e0%b8%93%e0%b8%91%e0%b9%8c%e0%b8%aa%e0%b8%b8%e0%b8%82%e0%b8%a0%e0%b8%b2%e0%b8%9e/%e0%b8%a2%e0%b8%b2%e0%b8%9f%e0%b8%b2%e0%b8%a7%e0%b8%b4%e0%b8%9e%e0%b8%b4%e0%b8%a3%e0%b8%b2%e0%b9%80%e0%b8%a7%e0%b8%b5%e0%b8%a2%e0%b8%a3%e0%b9%8c%e0%b8%a1%e0%b8%b5%e0%b8%9b%e0%b8%a3%e0%b8%b0%e0%b8%aa%e0%b8%b4%e0%b8%97%e0%b8%98%e0%b8%b4%e0%b8%a0%e0%b8%b2%e0%b8%9e%e0%b8%8a%e0%b9%88%e0%b8%a7%e0%b8%a2%e0%b8%9c%e0%b8%b9%e0%b9%89%e0%b8%9b%e0%b9%88%e0%b8%a7%e0%b8%a2%e0%b9%82%e0%b8%84%e0%b8%a7%e0%b8%b4%e0%b8%94-19-%e0%b8%ad%e0%b8%b2%e0%b8%81%e0%b8%b2%e0%b8%a3%e0%b8%94%e0%b8%b5%e0%b8%82%e0%b8%b6%e0%b9%89%e0%b8%99-79-%e0%b8%88%e0%b8%a3%e0%b8%b4%e0%b8%87%e0%b8%ab%e0%b8%a3%e0%b8%b7%e0%b8%ad/,fact,TN,
"‡∏´‡∏ô‡πâ‡∏≤‡∏Å‡∏≤‡∏Å‡∏≠‡∏ô‡∏≤‡∏°‡∏±‡∏¢‡πÄ‡∏õ‡πá‡∏ô‡∏ä‡∏ô‡∏¥‡∏î‡∏ó‡∏µ‡πà‡πÉ‡∏ä‡πâ‡πÅ‡∏•‡πâ‡∏ß‡∏ó‡∏¥‡πâ‡∏á ‡∏´‡πâ‡∏≤‡∏°‡∏ã‡∏±‡∏Å‡πÅ‡∏•‡πâ‡∏ß‡∏ô‡∏≥‡∏Å‡∏•‡∏±‡∏ö‡∏°‡∏≤‡πÉ‡∏ä‡πâ‡πÉ‡∏´‡∏°‡πà ‡πÑ‡∏°‡πà‡∏ß‡πà‡∏≤‡∏à‡∏∞‡πÄ‡∏õ‡πá‡∏ô‡∏´‡∏ô‡πâ‡∏≤‡∏Å‡∏≤‡∏Å‡∏≠‡∏ô‡∏≤‡∏°‡∏±‡∏¢‡∏ó‡∏µ‡πà‡∏°‡∏≤‡∏à‡∏≤‡∏Å‡∏ú‡∏π‡πâ‡∏õ‡πà‡∏ß‡∏¢ ‡∏´‡∏£‡∏∑‡∏≠‡∏´‡∏ô‡πâ‡∏≤‡∏Å‡∏≤‡∏Å‡∏≠‡∏ô‡∏≤‡∏°‡∏±‡∏¢‡∏ó‡∏µ‡πà‡πÄ‡∏Å‡∏¥‡∏î‡∏à‡∏≤‡∏Å‡∏ö‡∏∏‡∏Ñ‡∏•‡∏≤‡∏Å‡∏£‡∏ó‡∏≤‡∏á‡∏Å‡∏≤‡∏£‡πÅ‡∏û‡∏ó‡∏¢‡πå‡∏ó‡∏µ‡πà‡∏ï‡πâ‡∏≠‡∏á‡∏ï‡∏£‡∏ß‡∏à‡∏ß‡∏¥‡∏ô‡∏¥‡∏à‡∏â‡∏±‡∏¢ ‡∏£‡∏±‡∏Å‡∏©‡∏≤‡πÇ‡∏£‡∏Ñ ‡∏ä‡∏±‡∏ô‡∏™‡∏π‡∏ï‡∏£ ‡∏Ø‡∏•‡∏Ø ‡∏Å‡πá‡∏ï‡∏≤‡∏° ‡∏ñ‡∏∑‡∏≠‡πÑ‡∏î‡πâ‡∏ß‡πà‡∏≤‡πÄ‡∏õ‡πá‡∏ô‡∏Ç‡∏¢‡∏∞‡∏ï‡∏¥‡∏î‡πÄ‡∏ä‡∏∑‡πâ‡∏≠ ‡πÄ‡∏û‡∏£‡∏≤‡∏∞‡πÄ‡∏õ‡πá‡∏ô‡∏Ç‡∏¢‡∏∞‡∏ó‡∏µ‡πà‡∏°‡∏µ‡πÄ‡∏ä‡∏∑‡πâ‡∏≠‡πÇ‡∏£‡∏Ñ‡∏õ‡∏∞‡∏õ‡∏ô‡∏≠‡∏¢‡∏π‡πà‡∏à‡∏∂‡∏á‡∏à‡∏≥‡πÄ‡∏õ‡πá‡∏ô‡∏ï‡πâ‡∏≠‡∏á‡∏ó‡∏¥‡πâ‡∏á‡πÉ‡∏ô‡∏ñ‡∏±‡∏á‡∏Ç‡∏¢‡∏∞‡∏ï‡∏¥‡∏î‡πÄ‡∏ä‡∏∑‡πâ‡∏≠‡πÅ‡∏•‡∏∞‡∏Å‡∏≥‡∏à‡∏±‡∏î‡∏ï‡∏≤‡∏°‡∏Å‡∏é‡∏Å‡∏£‡∏∞‡∏ó‡∏£‡∏ß‡∏á‡∏ß‡πà‡∏≤‡∏î‡πâ‡∏ß‡∏¢‡∏Å‡∏≤‡∏£‡∏Å‡∏≥‡∏à‡∏±‡∏î‡∏°‡∏π‡∏•‡∏ù‡∏≠‡∏¢‡∏ï‡∏¥‡∏î‡πÄ‡∏ä‡∏∑‡πâ‡∏≠ ‡∏û.‡∏®.2545

‡∏≠‡∏¢‡πà‡∏≤‡∏á‡πÑ‡∏£‡∏Å‡πá‡∏ï‡∏≤‡∏°‡∏´‡∏ô‡πâ‡∏≤‡∏Å‡∏≤‡∏Å‡∏≠‡∏ô‡∏≤‡∏°‡∏±‡∏¢‡∏ó‡∏µ‡πà‡πÄ‡∏õ‡πá‡∏ô‡∏Ç‡∏¢‡∏∞‡∏ï‡∏¥‡∏î‡πÄ‡∏ä‡∏∑‡πâ‡∏≠‡∏ô‡∏±‡πâ‡∏ô ‡∏´‡∏≤‡∏Å‡∏à‡∏±‡∏î‡∏Å‡∏≤‡∏£‡πÑ‡∏°‡πà‡∏ñ‡∏π‡∏Å‡∏ï‡πâ‡∏≠‡∏á‡∏à‡∏∞‡∏™‡πà‡∏á‡∏ú‡∏•‡∏Å‡∏£‡∏∞‡∏ó‡∏ö‡∏ï‡πà‡∏≠‡∏™‡∏∏‡∏Ç‡∏†‡∏≤‡∏û‡πÅ‡∏•‡∏∞‡∏™‡∏¥‡πà‡∏á‡πÅ‡∏ß‡∏î‡∏•‡πâ‡∏≠‡∏° ‡∏ã‡∏∂‡πà‡∏á‡πÄ‡∏õ‡πá‡∏ô‡πÅ‡∏´‡∏•‡πà‡∏á‡∏Ç‡∏≠‡∏á‡πÄ‡∏ä‡∏∑‡πâ‡∏≠‡∏Å‡πà‡∏≠‡πÇ‡∏£‡∏Ñ ‡πÇ‡∏î‡∏¢‡πÄ‡∏â‡∏û‡∏≤‡∏∞‡πÄ‡∏ä‡∏∑‡πâ‡∏≠‡πÇ‡∏£‡∏Ñ‡∏ó‡∏µ‡πà‡∏°‡∏≠‡∏á‡πÑ‡∏°‡πà‡πÄ‡∏´‡πá‡∏ô‡∏î‡πâ‡∏ß‡∏¢‡∏ï‡∏≤‡πÄ‡∏õ‡∏•‡πà‡∏≤ ‡πÑ‡∏î‡πâ‡πÅ‡∏Å‡πà ‡πÅ‡∏ö‡∏Ñ‡∏ó‡∏µ‡πÄ‡∏£‡∏µ‡∏¢ ‡πÑ‡∏ß‡∏£‡∏±‡∏™ ‡πÄ‡∏ä‡∏∑‡πâ‡∏≠‡∏£‡∏≤‡∏ö‡∏≤‡∏á‡∏ä‡∏ô‡∏¥‡∏î ‡∏õ‡∏£‡∏™‡∏¥‡∏ï‡∏ö‡∏≤‡∏á‡∏ä‡∏ô‡∏¥‡∏î ‡∏ã‡∏∂‡πà‡∏á‡∏à‡∏∞‡πÄ‡∏à‡∏£‡∏¥‡∏ç‡πÄ‡∏ï‡∏¥‡∏ö‡πÇ‡∏ï‡πÅ‡∏•‡∏∞‡∏Å‡πà‡∏≠‡πÇ‡∏£‡∏Ñ‡πÅ‡∏Å‡πà‡∏ú‡∏π‡πâ‡∏ó‡∏µ‡πà‡πÑ‡∏õ‡∏™‡∏±‡∏°‡∏ú‡∏±‡∏™ ‡∏î‡∏±‡∏á‡∏ô‡∏±‡πâ‡∏ô‡∏Ñ‡∏ß‡∏£‡πÄ‡∏õ‡∏•‡∏µ‡πà‡∏¢‡∏ô‡∏´‡∏ô‡πâ‡∏≤‡∏Å‡∏≤‡∏Å‡∏≠‡∏ô‡∏≤‡∏°‡∏±‡∏¢‡∏ó‡∏∏‡∏Å ‡πÜ 6 ‚Äì 8 ‡∏ä‡∏±‡πà‡∏ß‡πÇ‡∏°‡∏á ‡πÄ‡∏°‡∏∑‡πà‡∏≠‡∏´‡∏ô‡πâ‡∏≤‡∏Å‡∏≤‡∏Å‡πÄ‡∏õ‡∏µ‡∏¢‡∏Å‡∏ä‡∏∑‡πâ‡∏ô ‡∏™‡∏Å‡∏õ‡∏£‡∏Å ‡∏´‡∏£‡∏∑‡∏≠‡πÄ‡∏°‡∏∑‡πà‡∏≠‡∏≠‡∏≠‡∏Å‡∏à‡∏≤‡∏Å‡∏™‡∏ñ‡∏≤‡∏ô‡∏ó‡∏µ‡πà‡πÄ‡∏™‡∏µ‡πà‡∏¢‡∏á/‡πÅ‡∏≠‡∏≠‡∏±‡∏î ‡πÅ‡∏•‡∏∞‡∏Ñ‡∏ß‡∏£‡∏ó‡∏¥‡πâ‡∏á‡∏´‡∏ô‡πâ‡∏≤‡∏Å‡∏≤‡∏Å‡∏≠‡∏ô‡∏≤‡∏°‡∏±‡∏¢‡∏≠‡∏¢‡πà‡∏≤‡∏á‡∏ñ‡∏π‡∏Å‡∏ï‡πâ‡∏≠‡∏á‡∏ó‡∏∏‡∏Å‡∏Ñ‡∏£‡∏±‡πâ‡∏á‡∏´‡∏•‡∏±‡∏á‡πÉ‡∏ä‡πâ‡πÇ‡∏î‡∏¢‡∏ó‡∏¥‡πâ‡∏á‡πÉ‡∏ô‡∏ñ‡∏±‡∏á‡∏Ç‡∏¢‡∏∞‡∏ó‡∏µ‡πà‡∏°‡∏µ‡∏ù‡∏≤‡∏õ‡∏¥‡∏î ‡∏Å‡∏£‡∏ì‡∏µ‡πÉ‡∏ä‡πâ‡πÉ‡∏ô‡πÇ‡∏£‡∏á‡∏û‡∏¢‡∏≤‡∏ö‡∏≤‡∏•‡πÉ‡∏´‡πâ‡∏ó‡∏¥‡πâ‡∏á‡πÉ‡∏ô‡∏ñ‡∏±‡∏á‡∏Ç‡∏¢‡∏∞‡∏ï‡∏¥‡∏î‡πÄ‡∏ä‡∏∑‡πâ‡∏≠‡πÅ‡∏•‡∏∞‡∏Å‡∏≥‡∏à‡∏±‡∏î‡∏ï‡∏≤‡∏°‡∏Å‡∏é‡∏Å‡∏£‡∏∞‡∏ó‡∏£‡∏ß‡∏á‡∏ß‡πà‡∏≤‡∏î‡πâ‡∏ß‡∏¢‡∏Å‡∏≤‡∏£‡∏Å‡∏≥‡∏à‡∏±‡∏î‡∏°‡∏π‡∏•‡∏ù‡∏≠‡∏¢‡∏ï‡∏¥‡∏î‡πÄ‡∏ä‡∏∑‡πâ‡∏≠ ‡∏û.‡∏®.2545 ‡∏™‡∏≥‡∏´‡∏£‡∏±‡∏ö‡∏´‡∏ô‡πâ‡∏≤‡∏Å‡∏≤‡∏Å‡∏ú‡πâ‡∏≤‡πÉ‡∏´‡πâ‡∏ã‡∏±‡∏Å‡∏ó‡∏∏‡∏Å‡∏ß‡∏±‡∏ô‡∏î‡πâ‡∏ß‡∏¢‡∏™‡∏ö‡∏π‡πà‡∏´‡∏£‡∏∑‡∏≠‡∏ú‡∏á‡∏ã‡∏±‡∏Å‡∏ü‡∏≠‡∏Å‡πÅ‡∏•‡∏∞‡∏ï‡∏≤‡∏Å‡πÅ‡∏î‡∏î‡πÉ‡∏´‡πâ‡πÅ‡∏´‡πâ‡∏á ‡∏û‡∏£‡πâ‡∏≠‡∏°‡∏ó‡∏±‡πâ‡∏á‡∏•‡πâ‡∏≤‡∏á‡∏°‡∏∑‡∏≠‡πÉ‡∏´‡πâ‡∏™‡∏∞‡∏≠‡∏≤‡∏î‡∏î‡πâ‡∏ß‡∏¢‡∏™‡∏ö‡∏π‡πà‡πÅ‡∏•‡∏∞‡∏ô‡πâ‡∏≥‡∏ó‡∏∏‡∏Å‡∏Ñ‡∏£‡∏±‡πâ‡∏á",fact,https://www.antifakenewscenter.com/%e0%b8%9c%e0%b8%a5%e0%b8%b4%e0%b8%95%e0%b8%a0%e0%b8%b1%e0%b8%93%e0%b8%91%e0%b9%8c%e0%b8%aa%e0%b8%b8%e0%b8%82%e0%b8%a0%e0%b8%b2%e0%b8%9e/%e0%b9%83%e0%b8%aa%e0%b9%88%e0%b8%ab%e0%b8%99%e0%b9%89%e0%b8%b2%e0%b8%81%e0%b8%b2%e0%b8%81%e0%b8%ad%e0%b8%99%e0%b8%b2%e0%b8%a1%e0%b8%b1%e0%b8%a2%e0%b8%8b%e0%b9%89%e0%b8%b3-%e0%b9%86-%e0%b8%a1%e0%b8%b5%e0%b9%82%e0%b8%ad%e0%b8%81%e0%b8%b2%e0%b8%aa%e0%b9%80%e0%b8%aa%e0%b8%b5%e0%b8%a2%e0%b8%8a%e0%b8%b5%e0%b8%a7%e0%b8%b4%e0%b8%95%e0%b8%88%e0%b8%b2%e0%b8%81%e0%b9%81%e0%b8%9a%e0%b8%84%e0%b8%97%e0%b8%b5%e0%b9%80%e0%b8%a3%e0%b8%b5%e0%b8%a2%e0%b8%97%e0%b8%b5%e0%b9%88%e0%b8%aa%e0%b8%b0%e0%b8%aa%e0%b8%a1%e0%b8%ad%e0%b8%a2%e0%b8%b9%e0%b9%88-%e0%b8%88%e0%b8%a3%e0%b8%b4%e0%b8%87%e0%b8%ab%e0%b8%a3%e0%b8%b7%e0%b8%ad/,fact,TN,
"*‡∏´‡∏•‡∏µ‡∏Å‡πÄ‡∏•‡∏µ‡πà‡∏¢‡∏á‡∏Å‡∏≤‡∏£‡∏ï‡∏≤‡∏¢‡∏Å‡∏∞‡∏ó‡∏±‡∏ô‡∏´‡∏±‡∏ô‡πÉ‡∏ô‡∏ï‡∏≠‡∏ô‡∏Å‡∏•‡∏≤‡∏á‡∏Ñ‡∏∑‡∏ô ‡πÅ‡∏ö‡πà‡∏á‡∏õ‡∏±‡∏ô‡πÇ‡∏î‡∏¢‡πÅ‡∏û‡∏ó‡∏¢‡πå ...
*‡∏™‡∏≥‡∏´‡∏£‡∏±‡∏ö‡∏ú‡∏π‡πâ‡∏ó‡∏µ‡πà‡∏ï‡∏∑‡πà‡∏ô‡∏ô‡∏≠‡∏ô‡∏ï‡∏≠‡∏ô‡∏Å‡∏•‡∏≤‡∏á‡∏Ñ‡∏∑‡∏ô‡πÄ‡∏û‡∏∑‡πà‡∏≠‡∏ï‡∏£‡∏ß‡∏à‡∏ö‡πâ‡∏≤‡∏ô‡∏´‡∏£‡∏∑‡∏≠‡∏õ‡∏±‡∏™‡∏™‡∏≤‡∏ß‡∏∞ *‡∏Ñ‡∏∏‡∏ì‡∏à‡∏∞‡∏ï‡πâ‡∏≠‡∏á‡∏ó‡∏≥‡∏ï‡∏≤‡∏°‡∏Ñ‡∏≥‡πÅ‡∏ô‡∏∞‡∏ô‡∏≥ ""‡∏™‡∏≤‡∏° ‡∏Ñ‡∏£‡∏∂‡πà‡∏á‡∏ô‡∏≤‡∏ó‡∏µ"" ‡∏ô‡∏µ‡πâ
‡πÄ‡∏û‡∏£‡∏≤‡∏∞‡∏°‡∏±‡∏ô‡∏™‡∏≥‡∏Ñ‡∏±‡∏ç ""‡∏™‡∏≤‡∏°‡∏Ñ‡∏£‡∏∂‡πà‡∏á‡∏ô‡∏≤‡∏ó‡∏µ"" ‡∏à‡∏∞‡∏ä‡πà‡∏ß‡∏¢‡∏•‡∏î‡∏à‡∏≥‡∏ô‡∏ß‡∏ô‡∏ú‡∏π‡πâ‡πÄ‡∏™‡∏µ‡∏¢‡∏ä‡∏µ‡∏ß‡∏¥‡∏ï‡∏Å‡∏∞‡∏ó‡∏±‡∏ô‡∏´‡∏±‡∏ô‡πÑ‡∏î‡πâ‡∏≠‡∏¢‡πà‡∏≤‡∏á‡∏°‡∏≤‡∏Å
*‡∏ö‡πà‡∏≠‡∏¢‡∏Ñ‡∏£‡∏±‡πâ‡∏á ‡∏ö‡∏∏‡∏Ñ‡∏Ñ‡∏•‡∏ó‡∏µ‡πà‡∏¢‡∏±‡∏á‡∏î‡∏π‡∏°‡∏µ‡∏™‡∏∏‡∏Ç‡∏†‡∏≤‡∏û‡∏î‡∏µ‡∏ï‡πâ‡∏≠‡∏á‡πÄ‡∏™‡∏µ‡∏¢‡∏ä‡∏µ‡∏ß‡∏¥‡∏ï‡πÉ‡∏ô‡∏ï‡∏≠‡∏ô‡∏Å‡∏•‡∏≤‡∏á‡∏Ñ‡∏∑‡∏ô ‡πÄ‡∏£‡∏≤‡∏°‡∏±‡∏Å‡∏à‡∏∞‡πÑ‡∏î‡πâ‡∏¢‡∏¥‡∏ô‡πÄ‡∏£‡∏∑‡πà‡∏≠‡∏á‡∏£‡∏≤‡∏ß‡∏Ç‡∏≠‡∏á‡∏Ñ‡∏ô‡∏û‡∏π‡∏î‡∏ß‡πà‡∏≤: ""‡πÄ‡∏°‡∏∑‡πà‡∏≠‡∏ß‡∏≤‡∏ô‡∏â‡∏±‡∏ô‡∏Ñ‡∏∏‡∏¢‡∏Å‡∏±‡∏ö‡πÄ‡∏Ç‡∏≤ ‡∏ó‡∏≥‡πÑ‡∏°‡πÄ‡∏Ç‡∏≤‡∏ñ‡∏∂‡∏á‡∏ï‡∏≤‡∏¢‡∏Å‡∏∞‡∏ó‡∏±‡∏ô‡∏´‡∏±‡∏ô?
‡πÄ‡∏´‡∏ï‡∏∏‡∏ú‡∏•‡∏Å‡πá‡∏Ñ‡∏∑‡∏≠ ‡πÄ‡∏ß‡∏•‡∏≤‡∏ï‡∏∑‡πà‡∏ô‡∏ô‡∏≠‡∏ô‡∏ï‡∏≠‡∏ô‡∏Å‡∏•‡∏≤‡∏á‡∏Ñ‡∏∑‡∏ô‡πÄ‡∏û‡∏∑‡πà‡∏≠‡πÑ‡∏õ‡πÄ‡∏Ç‡πâ‡∏≤‡∏´‡πâ‡∏≠‡∏á‡∏ô‡πâ‡∏≥‡∏°‡∏±‡∏Å‡∏à‡∏∞‡∏ó‡∏≥‡∏≠‡∏¢‡πà‡∏≤‡∏á‡∏£‡∏µ‡∏ö‡∏£‡πâ‡∏≠‡∏ô ‡∏™‡∏°‡∏≠‡∏á‡πÑ‡∏°‡πà‡∏°‡∏µ‡∏Å‡∏≤‡∏£‡πÑ‡∏´‡∏•‡πÄ‡∏ß‡∏µ‡∏¢‡∏ô‡∏Ç‡∏≠‡∏á‡πÄ‡∏•‡∏∑‡∏≠‡∏î  ""‡∏™‡∏≤‡∏° ‡∏Ñ‡∏£‡∏∂‡πà‡∏á‡∏ô‡∏≤‡∏ó‡∏µ"" ‡∏à‡∏∂‡∏á‡∏™‡∏≥‡∏Ñ‡∏±‡∏ç‡∏°‡∏≤‡∏Å
*‡πÉ‡∏ô‡∏ä‡πà‡∏ß‡∏á‡∏Å‡∏•‡∏≤‡∏á‡∏î‡∏∂‡∏Å ‡πÄ‡∏°‡∏∑‡πà‡∏≠‡∏õ‡∏ß‡∏î‡∏õ‡∏±‡∏™‡∏™‡∏≤‡∏ß‡∏∞ ‡∏£‡πà‡∏≤‡∏á‡∏Å‡∏≤‡∏¢‡∏õ‡∏•‡∏∏‡∏Å‡∏Ñ‡∏∏‡∏ì‡πÉ‡∏´‡πâ‡∏ï‡∏∑‡πà‡∏ô‡∏Ç‡∏∂‡πâ‡∏ô ‡∏£‡∏π‡∏õ‡πÅ‡∏ö‡∏ö‡∏Ñ‡∏•‡∏∑‡πà‡∏ô‡πÑ‡∏ü‡∏ü‡πâ‡∏≤‡∏´‡∏±‡∏ß‡πÉ‡∏à‡∏à‡∏∞‡πÄ‡∏õ‡∏•‡∏µ‡πà‡∏¢‡∏ô‡πÑ‡∏õ ‡πÄ‡∏û‡∏£‡∏≤‡∏∞‡πÄ‡∏°‡∏∑‡πà‡∏≠‡∏•‡∏∏‡∏Å‡∏Å‡∏£‡∏∞‡∏ó‡∏±‡∏ô‡∏´‡∏±‡∏ô ‡∏™‡∏°‡∏≠‡∏á‡πÄ‡∏õ‡∏•‡∏µ‡πà‡∏¢‡∏ô‡∏£‡∏∞‡∏î‡∏±‡∏ö ‡πÇ‡∏•‡∏´‡∏¥‡∏ï‡∏Ç‡∏∂‡πâ‡∏ô‡πÑ‡∏õ‡πÄ‡∏•‡∏µ‡πâ‡∏¢‡∏á‡∏™‡∏°‡∏≠‡∏á‡πÑ‡∏°‡πà‡∏ó‡∏±‡∏ô ‡∏à‡∏∞‡πÄ‡∏™‡∏µ‡∏¢‡∏Å‡∏≤‡∏£‡∏ó‡∏£‡∏á‡∏ï‡∏±‡∏ß ‡∏ó‡∏≥‡πÉ‡∏´‡πâ‡∏•‡πâ‡∏° ‡∏ö‡∏≤‡∏î‡πÄ‡∏à‡πá‡∏ö ‡πÅ‡∏•‡∏∞‡∏≠‡∏≤‡∏à‡∏ó‡∏≥‡πÉ‡∏´‡πâ‡∏´‡∏±‡∏ß‡πÉ‡∏à‡∏•‡πâ‡∏°‡πÄ‡∏´‡∏•‡∏ß‡πÄ‡∏ô‡∏∑‡πà‡∏≠‡∏á‡∏à‡∏≤‡∏Å‡∏Ç‡∏≤‡∏î‡πÄ‡∏•‡∏∑‡∏≠‡∏î
*‡∏Ç‡∏≠‡πÅ‡∏ô‡∏∞‡∏ô‡∏≥‡πÉ‡∏´‡πâ‡∏Ñ‡∏∏‡∏ì‡∏ù‡∏∂‡∏Å ""‡∏™‡∏≤‡∏° ‡∏Ñ‡∏£‡∏∂‡πà‡∏á‡∏ô‡∏≤‡∏ó‡∏µ"" ‡∏ã‡∏∂‡πà‡∏á‡πÑ‡∏î‡πâ‡πÅ‡∏Å‡πà:
1.‡πÄ‡∏°‡∏∑‡πà‡∏≠‡∏Ñ‡∏∏‡∏ì‡∏ï‡∏∑‡πà‡∏ô‡∏à‡∏≤‡∏Å‡∏´‡∏•‡∏±‡∏ö ‡πÉ‡∏´‡πâ‡∏ô‡∏≠‡∏ô‡∏ö‡∏ô‡πÄ‡∏ï‡∏µ‡∏¢‡∏á‡πÄ‡∏õ‡πá‡∏ô‡πÄ‡∏ß‡∏•‡∏≤‡∏Ñ‡∏£‡∏∂‡πà‡∏á‡∏ô‡∏≤‡∏ó‡∏µ‡πÅ‡∏£‡∏Å
2.‡∏ô‡∏±‡πà‡∏á‡∏ö‡∏ô‡πÄ‡∏ï‡∏µ‡∏¢‡∏á‡∏≠‡∏µ‡∏Å‡πÄ‡∏õ‡πá‡∏ô ‡∏Ñ‡∏£‡∏∂‡πà‡∏á ‡∏ô‡∏≤‡∏ó‡∏µ‡∏ó‡∏µ‡πà 2
3.‡∏•‡∏î‡∏Ç‡∏≤‡∏Ç‡∏≠‡∏á‡∏Ñ‡∏∏‡∏ì‡∏ô‡∏±‡πà‡∏á‡∏ö‡∏ô‡∏Ç‡∏≠‡∏ö‡πÄ‡∏ï‡∏µ‡∏¢‡∏á‡∏≠‡∏µ‡∏Å ‡πÄ‡∏õ‡πá‡∏ô‡∏Ñ‡∏£‡∏∂‡πà‡∏á‡∏ô‡∏≤‡∏ó‡∏µ‡∏™‡∏∏‡∏î‡∏ó‡πâ‡∏≤‡∏¢
‡∏´‡∏•‡∏±‡∏á‡∏à‡∏≤‡∏Å‡∏ú‡πà‡∏≤‡∏ô‡πÑ‡∏õ ""‡∏™‡∏≤‡∏°‡∏Ñ‡∏£‡∏∂‡πà‡∏á‡∏ô‡∏≤‡∏ó‡∏µ"" ‡∏Ñ‡∏∏‡∏ì‡∏à‡∏∞‡πÑ‡∏°‡πà‡∏°‡∏µ‡∏™‡∏°‡∏≠‡∏á‡∏Ç‡∏≤‡∏î‡πÄ‡∏•‡∏∑‡∏≠‡∏î‡πÅ‡∏•‡∏∞‡∏´‡∏±‡∏ß‡πÉ‡∏à‡∏à‡∏∞‡πÑ‡∏°‡πà‡∏•‡πâ‡∏°‡πÄ‡∏´‡∏•‡∏ß ‡∏•‡∏î‡πÇ‡∏≠‡∏Å‡∏≤‡∏™‡∏ó‡∏µ‡πà‡∏´‡∏Å‡∏•‡πâ‡∏°‡πÅ‡∏•‡∏∞‡πÄ‡∏™‡∏µ‡∏¢‡∏ä‡∏µ‡∏ß‡∏¥‡∏ï‡∏Å‡∏∞‡∏ó‡∏±‡∏ô‡∏´‡∏±‡∏ô
*‡πÅ‡∏ö‡πà‡∏á‡∏õ‡∏±‡∏ô‡πÉ‡∏´‡πâ‡∏Å‡∏±‡∏ö‡∏Ñ‡∏£‡∏≠‡∏ö‡∏Ñ‡∏£‡∏±‡∏ß ‡πÄ‡∏û‡∏∑‡πà‡∏≠‡∏ô‡∏ù‡∏π‡∏á ‡πÅ‡∏•‡∏∞‡∏Ñ‡∏ô‡∏ó‡∏µ‡πà‡∏Ñ‡∏∏‡∏ì‡∏£‡∏±‡∏Å ‡∏°‡∏±‡∏ô‡∏™‡∏≤‡∏°‡∏≤‡∏£‡∏ñ‡πÄ‡∏Å‡∏¥‡∏î‡∏Ç‡∏∂‡πâ‡∏ô‡πÑ‡∏î‡πâ‡πÇ‡∏î‡∏¢‡πÑ‡∏°‡πà‡∏Ñ‡∏≥‡∏ô‡∏∂‡∏á‡∏ñ‡∏∂‡∏á‡∏≠‡∏≤‡∏¢‡∏∏ ‡∏´‡∏ô‡∏∏‡πà‡∏°‡∏´‡∏£‡∏∑‡∏≠‡πÅ‡∏Å‡πà
*‡∏û‡∏¢‡∏≤‡∏¢‡∏≤‡∏°‡∏™‡πà‡∏á‡∏™‡∏¥‡πà‡∏á‡∏™‡∏≥‡∏Ñ‡∏±‡∏ç‡∏ô‡∏µ‡πâ‡πÑ‡∏õ‡πÉ‡∏´‡πâ‡∏ó‡∏∏‡∏Å‡∏Å‡∏•‡∏∏‡πà‡∏°‡∏Ç‡∏≠‡∏á‡∏Ñ‡∏∏‡∏ì *‡πÅ‡∏•‡πâ‡∏ß‡∏Ñ‡∏∏‡∏ì‡πÅ‡∏•‡∏∞‡∏Ñ‡∏ô‡πÉ‡∏ô‡∏Ñ‡∏£‡∏≠‡∏ö‡∏Ñ‡∏£‡∏±‡∏ß‡∏Ç‡∏≠‡∏á‡∏Ñ‡∏∏‡∏ì‡∏Ñ‡∏ß‡∏£‡∏õ‡∏è‡∏¥‡∏ö‡∏±‡∏ï‡∏¥‡∏ï‡∏≤‡∏°‡∏î‡πâ‡∏ß‡∏¢.",fake,https://www.antifakenewscenter.com/%e0%b8%9c%e0%b8%a5%e0%b8%b4%e0%b8%95%e0%b8%a0%e0%b8%b1%e0%b8%93%e0%b8%91%e0%b9%8c%e0%b8%aa%e0%b8%b8%e0%b8%82%e0%b8%a0%e0%b8%b2%e0%b8%9e/%e0%b8%82%e0%b9%88%e0%b8%b2%e0%b8%a7%e0%b8%9b%e0%b8%a5%e0%b8%ad%e0%b8%a1-%e0%b8%ad%e0%b8%a2%e0%b9%88%e0%b8%b2%e0%b9%81%e0%b8%8a%e0%b8%a3%e0%b9%8c-3-%e0%b8%a7%e0%b8%b4%e0%b8%98%e0%b8%b5-%e0%b8%ab%e0%b8%a5%e0%b8%b5%e0%b8%81%e0%b9%80%e0%b8%a5%e0%b8%b5%e0%b9%88%e0%b8%a2%e0%b8%87%e0%b8%81%e0%b8%b2%e0%b8%a3%e0%b9%80%e0%b8%aa%e0%b8%b5%e0%b8%a2%e0%b8%8a%e0%b8%b5%e0%b8%a7%e0%b8%b4%e0%b8%95%e0%b8%81%e0%b8%b0%e0%b8%97%e0%b8%b1%e0%b8%99%e0%b8%ab%e0%b8%b1%e0%b8%99%e0%b9%83%e0%b8%99%e0%b8%95%e0%b8%ad%e0%b8%99%e0%b8%81%e0%b8%a5%e0%b8%b2%e0%b8%87%e0%b8%84%e0%b8%b7%e0%b8%99-%e0%b9%81%e0%b8%99%e0%b8%b0%e0%b8%99%e0%b8%b3%e0%b9%82%e0%b8%94%e0%b8%a2%e0%b9%81%e0%b8%9e%e0%b8%97%e0%b8%a2%e0%b9%8c/,fake,TP,
"3 ‡∏™‡∏±‡∏ç‡∏ç‡∏≤‡∏ô‡πÄ‡∏ï‡∏∑‡∏≠‡∏ô‡∏°‡∏µ‡πÑ‡∏Ç‡∏°‡∏±‡∏ô‡∏ä‡πà‡∏≠‡∏á‡∏ó‡πâ‡∏≠‡∏á
1. ‡∏Å‡∏¥‡∏ô‡∏≠‡∏¥‡πà‡∏°‡πÄ‡πÄ‡∏•‡πâ‡∏ß‡∏á‡πà‡∏ß‡∏á ‡∏ó‡πâ‡∏≠‡∏á‡∏≠‡∏∑‡∏î
2. ‡∏°‡∏∑‡∏≠‡πÄ‡∏ó‡πâ‡∏≤‡∏ä‡∏≤ ‡∏ï‡∏≤‡∏°‡∏±‡∏ß
3. ‡∏ï‡∏∑‡πà‡∏ô‡∏Å‡∏•‡∏≤‡∏á‡∏î‡∏∂‡∏Å ‡∏õ‡∏ß‡∏î‡πÑ‡∏°‡πÄ‡∏Å‡∏£‡∏ô",fake,https://www.antifakenewscenter.com/%e0%b8%9c%e0%b8%a5%e0%b8%b4%e0%b8%95%e0%b8%a0%e0%b8%b1%e0%b8%93%e0%b8%91%e0%b9%8c%e0%b8%aa%e0%b8%b8%e0%b8%82%e0%b8%a0%e0%b8%b2%e0%b8%9e/%e0%b8%82%e0%b9%88%e0%b8%b2%e0%b8%a7%e0%b8%9b%e0%b8%a5%e0%b8%ad%e0%b8%a1-%e0%b8%ad%e0%b8%a2%e0%b9%88%e0%b8%b2%e0%b9%81%e0%b8%8a%e0%b8%a3%e0%b9%8c-%e0%b8%97%e0%b9%89%e0%b8%ad%e0%b8%87%e0%b8%ad%e0%b8%b7%e0%b8%94-%e0%b8%a1%e0%b8%b7%e0%b8%ad%e0%b9%80%e0%b8%97%e0%b9%89%e0%b8%b2%e0%b8%8a%e0%b8%b2-%e0%b8%9b%e0%b8%a7%e0%b8%94%e0%b9%84%e0%b8%a1%e0%b9%80%e0%b8%81%e0%b8%a3%e0%b8%99-%e0%b8%84%e0%b8%b7%e0%b8%ad-3-%e0%b8%aa%e0%b8%b1%e0%b8%8d%e0%b8%8d%e0%b8%b2%e0%b8%93%e0%b9%80%e0%b8%95%e0%b8%b7%e0%b8%ad%e0%b8%99%e0%b8%a1%e0%b8%b5%e0%b9%84%e0%b8%82%e0%b8%a1%e0%b8%b1%e0%b8%99%e0%b8%8a%e0%b9%88%e0%b8%ad%e0%b8%87%e0%b8%97%e0%b9%89%e0%b8%ad%e0%b8%87/,fact,FN,52.90%
‡∏â‡∏µ‡πà‡∏£‡πâ‡∏≠‡∏ô ‡∏ó‡∏±‡πâ‡∏á‡πÜ‡∏Å‡∏¥‡∏ô‡∏ô‡πç‡πâ‡∏≤‡πÄ‡∏¢‡∏≠‡∏∞ ‡πÄ‡∏û‡∏£‡∏≤‡∏∞‡∏õ‡∏•‡πà‡∏≠‡∏¢‡πÉ‡∏´‡πâ‡∏ó‡πâ‡∏≠‡∏á‡∏ú‡∏π‡∏Å‡πÄ‡∏£‡∏∑‡πâ‡∏≠‡∏£‡∏±‡∏á ‡∏à‡∏ô‡∏†‡∏≤‡∏¢‡πÉ‡∏ô‡∏≠‡∏±‡∏Å‡πÄ‡∏™‡∏ö,fake,https://www.antifakenewscenter.com/%e0%b8%9c%e0%b8%a5%e0%b8%b4%e0%b8%95%e0%b8%a0%e0%b8%b1%e0%b8%93%e0%b8%91%e0%b9%8c%e0%b8%aa%e0%b8%b8%e0%b8%82%e0%b8%a0%e0%b8%b2%e0%b8%9e/%e0%b8%82%e0%b9%88%e0%b8%b2%e0%b8%a7%e0%b8%9b%e0%b8%a5%e0%b8%ad%e0%b8%a1-%e0%b8%ad%e0%b8%a2%e0%b9%88%e0%b8%b2%e0%b9%81%e0%b8%8a%e0%b8%a3%e0%b9%8c-%e0%b8%94%e0%b8%b7%e0%b9%88%e0%b8%a1%e0%b8%99%e0%b9%89%e0%b8%b3%e0%b9%80%e0%b8%a2%e0%b8%ad%e0%b8%b0%e0%b9%81%e0%b8%95%e0%b9%88%e0%b8%9b%e0%b8%b1%e0%b8%aa%e0%b8%aa%e0%b8%b2%e0%b8%a7%e0%b8%b0%e0%b8%a3%e0%b9%89%e0%b8%ad%e0%b8%99-%e0%b9%80%e0%b8%9e%e0%b8%a3%e0%b8%b2%e0%b8%b0%e0%b8%97%e0%b9%89%e0%b8%ad%e0%b8%87%e0%b8%9c%e0%b8%b9%e0%b8%81%e0%b9%80%e0%b8%a3%e0%b8%b7%e0%b9%89%e0%b8%ad%e0%b8%a3%e0%b8%b1%e0%b8%87-%e0%b8%88%e0%b8%99%e0%b8%a0%e0%b8%b2%e0%b8%a2%e0%b9%83%e0%b8%99%e0%b8%a3%e0%b9%88%e0%b8%b2%e0%b8%87%e0%b8%81%e0%b8%b2%e0%b8%a2%e0%b8%ad%e0%b8%b1%e0%b8%81%e0%b9%80%e0%b8%aa%e0%b8%9a/,fake,TP,
"..‡∏ó‡πâ‡∏≠‡∏á‡∏ú‡∏π‡∏Å..‡∏Å‡πà‡∏≠‡πÉ‡∏´‡πâ‡πÄ‡∏Å‡∏¥‡∏î‡πÇ‡∏£‡∏Ñ..
  ‡∏ï‡∏≤‡∏°‡∏õ‡∏Å‡∏ï‡∏¥‡∏Ñ‡∏ô‡πÄ‡∏£‡∏≤ ‡∏´‡∏•‡∏±‡∏á‡∏Å‡∏¥‡∏ô‡∏≠‡∏≤‡∏´‡∏≤‡∏£ ‡∏ú‡πà‡∏≤‡∏ô‡∏Å‡∏£‡∏∞‡∏ö‡∏ß‡∏ô‡∏Å‡∏≤‡∏£‡∏¢‡πà‡∏≠‡∏¢ ‡∏Å‡∏≤‡∏Å‡πÉ‡∏¢‡∏≠‡∏≤‡∏´‡∏≤‡∏£ ‡πÑ‡∏°‡πà‡∏Ñ‡∏ß‡∏£‡∏≠‡∏¢‡∏π‡πà‡πÉ‡∏ô‡∏£‡πà‡∏≤‡∏á‡∏Å‡∏≤‡∏¢‡πÄ‡∏Å‡∏¥‡∏ô 24 ‡∏ä‡∏°. ‡∏´‡∏£‡∏∑‡∏≠‡πÄ‡∏ï‡πá‡∏°‡∏ó‡∏µ‡πà‡πÑ‡∏°‡πà‡πÄ‡∏Å‡∏¥‡∏ô 48 ‡∏ä‡∏°. ‡∏ñ‡πâ‡∏≤‡πÄ‡∏Å‡∏¥‡∏ô‡∏ô‡∏µ‡πâ‡∏ñ‡∏∑‡∏≠‡∏ß‡πà‡∏≤‡∏≠‡∏¢‡∏π‡πà‡πÉ‡∏ô‡πÄ‡∏Å‡∏ì‡∏ë‡πå‡∏ó‡πâ‡∏≠‡∏á‡∏ú‡∏π‡∏Å ‡∏à‡∏∞‡∏ó‡∏≥‡πÉ‡∏´‡πâ‡∏û‡∏¥‡∏©‡∏´‡∏ß‡∏ô‡∏Ñ‡∏∑‡∏ô‡∏™‡∏π‡πà‡∏†‡∏≤‡∏¢‡πÉ‡∏ô‡∏£‡πà‡∏≤‡∏á‡∏Å‡∏≤‡∏¢  ‡∏Å‡πà‡∏≠‡πÉ‡∏´‡πâ‡πÄ‡∏Å‡∏¥‡∏î‡πÇ‡∏£‡∏Ñ‡∏ï‡πà‡∏≤‡∏á‡πÜ ‡πÄ‡∏ä‡πà‡∏ô 
>> ‡πÅ‡∏Å‡πâ‡∏ä‡∏£‡∏≤‡πÄ‡∏£‡πá‡∏ß ‡πÄ‡∏û‡∏£‡∏≤‡∏∞‡∏≠‡∏≤‡∏´‡∏≤‡∏£‡∏ö‡∏π‡∏î‡πÄ‡∏ô‡πà‡∏≤ ‡πÅ‡∏•‡πâ‡∏ß‡πÄ‡∏Å‡∏¥‡∏î ‡∏™‡∏≤‡∏£‡∏û‡∏¥‡∏© ‡πÅ‡∏Å‡πä‡∏™‡∏û‡∏¥‡∏© ‡∏ã‡∏∂‡∏°‡πÄ‡∏Ç‡πâ‡∏≤‡∏™‡∏π‡πâ‡∏Å‡∏£‡∏∞‡πÅ‡∏™‡πÄ‡∏•‡∏∑‡∏≠‡∏î ‡∏ú‡∏¥‡∏ß‡∏´‡∏¢‡∏≤‡∏ö‡∏Å‡∏£‡πâ‡∏≤‡∏ô ‡∏≠‡∏ß‡∏±‡∏¢‡∏ß‡∏∞‡∏ï‡πà‡∏≤‡∏á‡πÜ‡πÄ‡∏™‡∏∑‡πà‡∏≠‡∏°‡πÄ‡∏£‡πá‡∏ß 
>> ‡πÄ‡∏™‡∏µ‡πà‡∏¢‡∏á‡πÄ‡∏õ‡πá‡∏ô ‡πÄ‡∏ô‡∏∑‡πâ‡∏≠‡∏á‡∏≠‡∏Å ‡πÅ‡∏•‡∏∞ ‡∏°‡∏∞‡πÄ‡∏£‡πá‡∏á‡∏•‡∏≥‡πÑ‡∏™‡πâ 
>> ‡πÇ‡∏£‡∏Ñ‡∏´‡∏±‡∏ß‡πÉ‡∏à‡πÅ‡∏•‡∏∞‡∏´‡∏•‡∏≠‡∏î‡πÄ‡∏•‡∏∑‡∏≠‡∏î‡πÅ‡∏Ç‡πá‡∏á ‡∏Ñ‡∏ß‡∏≤‡∏°‡∏î‡∏±‡∏ô‡πÇ‡∏•‡∏´‡∏¥‡∏ï‡∏™‡∏π‡∏á.
>> ‡∏°‡∏∞‡πÄ‡∏£‡πá‡∏á‡πÄ‡∏ï‡πâ‡∏≤‡∏ô‡∏° ‡∏ñ‡∏∂‡∏á‡πÅ‡∏°‡πâ‡∏¢‡∏±‡∏á‡πÑ‡∏°‡πà‡∏ä‡∏±‡∏î‡πÄ‡∏à‡∏ô ‡πÅ‡∏ï‡πà‡∏à‡∏≤‡∏Å‡∏Å‡∏≤‡∏£‡πÄ‡∏Å‡πá‡∏ö‡∏Ç‡πâ‡∏≠‡∏°‡∏π‡∏• ‡∏ú‡∏π‡πâ‡∏ó‡∏µ‡πà‡πÄ‡∏õ‡πá‡∏ô‡∏°‡∏∞‡πÄ‡∏£‡πá‡∏á‡πÄ‡∏ï‡πâ‡∏≤‡∏ô‡∏° ‡∏°‡∏µ‡∏õ‡∏£‡∏∞‡∏ß‡∏±‡∏ï‡∏¥‡∏ó‡πâ‡∏≠‡∏á‡∏ú‡∏π‡∏Å ‡πÄ‡∏õ‡πá‡∏ô‡∏õ‡∏£‡∏∞‡∏à‡∏≥
>> ‡πÇ‡∏£‡∏Ñ‡∏£‡∏¥‡∏î‡∏™‡∏µ‡∏î‡∏ß‡∏á‡∏ó‡∏ß‡∏≤‡∏£ 
>> ‡πÄ‡∏™‡∏µ‡πà‡∏¢‡∏á‡πÄ‡∏õ‡πá‡∏ô‡πÇ‡∏£‡∏Ñ‡∏ï‡∏±‡∏ö ‡πÅ‡∏ô‡πà‡∏ô‡∏≠‡∏ô‡∏≠‡∏¢‡∏π‡πà‡πÅ‡∏•‡πâ‡∏ß ‡πÄ‡∏°‡∏∑‡πà‡∏≠‡πÄ‡∏Å‡∏¥‡∏î‡∏≠‡∏≤‡∏Å‡∏≤‡∏£‡πÄ‡∏ô‡πà‡∏≤‡∏≠‡∏¢‡∏π‡πà‡πÉ‡∏ô‡∏£‡πà‡∏≤‡∏á‡∏Å‡∏≤‡∏¢ ‡πÄ‡∏Å‡∏¥‡∏î‡πÅ‡∏Å‡πä‡∏™‡∏û‡∏¥‡∏© ‡∏™‡∏≤‡∏£‡∏û‡∏¥‡∏© ‡∏ï‡∏±‡∏ö‡∏à‡∏∂‡∏á‡∏ï‡πâ‡∏≠‡∏á‡∏ó‡∏≥‡∏á‡∏≤‡∏ô‡∏´‡∏ô‡∏±‡∏Å ‡∏ô‡∏≤‡∏ô‡πÜ‡πÑ‡∏õ‡∏à‡∏∂‡∏á‡πÄ‡∏Å‡∏¥‡∏î‡∏Ñ‡∏ß‡∏≤‡∏°‡∏ó‡∏£‡∏∏‡∏î‡πÇ‡∏ó‡∏£‡∏°‡∏Ç‡∏≠‡∏á‡∏ï‡∏±‡∏ö ‡∏ó‡πâ‡∏≠‡∏á‡∏ú‡∏π‡∏Å‡∏à‡∏∂‡∏á‡πÄ‡∏£‡πà‡∏á‡πÉ‡∏´‡πâ‡πÇ‡∏£‡∏Ñ‡∏ï‡∏±‡∏ö‡∏Å‡∏≥‡πÄ‡∏£‡∏¥‡∏ö 
>> ‡∏≠‡∏≤‡∏Å‡∏≤‡∏£‡∏Ñ‡∏±‡∏ô‡∏ï‡∏≤‡∏°‡∏ï‡∏±‡∏ß ‡∏ú‡∏∑‡πà‡∏ô‡∏Ñ‡∏±‡∏ô ‡∏´‡∏£‡∏∑‡∏≠ ‡∏´‡∏≠‡∏ö‡∏´‡∏∑‡∏î ‡πÄ‡∏û‡∏£‡∏≤‡∏∞ ‡∏û‡∏¥‡∏©‡πÄ‡∏°‡∏∑‡πà‡∏≠‡∏≠‡∏≠‡∏Å‡∏ó‡∏≤‡∏á‡∏ó‡∏ß‡∏≤‡∏£‡∏´‡∏ô‡∏±‡∏Å‡πÑ‡∏°‡πà‡πÑ‡∏î‡πâ ‡∏Å‡πá‡∏ï‡πâ‡∏≠‡∏á‡∏´‡∏≤‡∏ó‡∏≤‡∏á‡∏≠‡∏≠‡∏Å‡πÇ‡∏î‡∏¢‡∏Å‡∏≤‡∏£‡∏ã‡∏∂‡∏°‡∏≠‡∏≠‡∏Å‡∏ó‡∏≤‡∏á‡∏ú‡∏¥‡∏ß‡∏´‡∏ô‡∏±‡∏á ‡∏´‡∏£‡∏∑‡∏≠‡∏¢‡πâ‡∏≠‡∏ô‡∏Å‡∏•‡∏±‡∏ö‡∏≠‡∏≠‡∏Å‡∏ó‡∏≤‡∏á‡∏õ‡∏≤‡∏Å ‡∏à‡∏°‡∏π‡∏Å ‡∏à‡∏∂‡∏á‡∏Å‡∏£‡∏∞‡∏ó‡∏ö‡∏ï‡πà‡∏≠‡∏õ‡∏≠‡∏î‡πÅ‡∏•‡∏∞‡∏£‡∏∞‡∏ö‡∏ö‡∏ó‡∏≤‡∏á‡πÄ‡∏î‡∏¥‡∏ô‡∏´‡∏≤‡∏¢‡πÉ‡∏à..
..‡πÄ‡∏û‡∏£‡∏≤‡∏∞‡∏â‡∏∞‡∏ô‡∏±‡πâ‡∏ô‡∏Ñ‡∏ô‡∏ó‡∏µ‡πà‡πÄ‡∏õ‡πá‡∏ô‡πÇ‡∏£‡∏Ñ‡∏≠‡∏¢‡∏π‡πà  ‡∏≠‡∏±‡∏ô‡∏î‡∏±‡∏ö‡πÅ‡∏£‡∏Å ‡∏Ñ‡∏∑‡∏≠‡∏ó‡∏≥‡πÉ‡∏´‡πâ‡∏Ç‡∏ö‡∏ß‡∏ô‡∏Å‡∏≤‡∏£‡∏Ç‡∏±‡∏ö‡∏ñ‡πà‡∏≤‡∏¢‡πÉ‡∏´‡πâ‡πÄ‡∏õ‡πá‡∏ô‡∏õ‡∏Å‡∏ï‡∏¥ ‡∏Ñ‡∏∑‡∏≠‡∏Å‡∏≤‡∏£‡∏Ç‡∏±‡∏ö‡∏û‡∏¥‡∏©‡πÉ‡∏ô‡πÄ‡∏ö‡∏∑‡πâ‡∏≠‡∏á‡∏ï‡πâ‡∏ô‡∏Å‡πà‡∏≠‡∏ô..
‡∏ï‡∏≠‡∏ô‡∏´‡∏ô‡πâ‡∏≤‡∏à‡∏∞‡∏°‡∏≤ ‡πÄ‡∏•‡πà‡∏≤‡πÄ‡∏£‡∏∑‡πà‡∏≠‡∏á‡πÅ‡∏ô‡∏ß‡∏ó‡∏≤‡∏á‡∏Å‡∏≤‡∏£‡∏ö‡∏≥‡∏ö‡∏±‡∏î ‡∏≠‡∏≤‡∏Å‡∏≤‡∏£‡∏ó‡πâ‡∏≠‡∏á‡∏ú‡∏π‡∏Å‡∏ô‡∏∞‡∏Ñ‡∏£‡∏±‡∏ö..",fake,https://www.antifakenewscenter.com/%e0%b8%9c%e0%b8%a5%e0%b8%b4%e0%b8%95%e0%b8%a0%e0%b8%b1%e0%b8%93%e0%b8%91%e0%b9%8c%e0%b8%aa%e0%b8%b8%e0%b8%82%e0%b8%a0%e0%b8%b2%e0%b8%9e/%e0%b8%82%e0%b9%88%e0%b8%b2%e0%b8%a7%e0%b8%9b%e0%b8%a5%e0%b8%ad%e0%b8%a1-%e0%b8%ad%e0%b8%a2%e0%b9%88%e0%b8%b2%e0%b9%81%e0%b8%8a%e0%b8%a3%e0%b9%8c-%e0%b8%a0%e0%b8%b2%e0%b8%a7%e0%b8%b0%e0%b8%97%e0%b9%89%e0%b8%ad%e0%b8%87%e0%b8%9c%e0%b8%b9%e0%b8%81-%e0%b8%81%e0%b9%88%e0%b8%ad%e0%b9%83%e0%b8%ab%e0%b9%89%e0%b9%80%e0%b8%81%e0%b8%b4%e0%b8%94%e0%b9%82%e0%b8%a3%e0%b8%84%e0%b8%95%e0%b9%88%e0%b8%b2%e0%b8%87-%e0%b9%86/,fake,TP,
"‡∏´‡∏•‡∏±‡∏ö‡πÑ‡∏°‡πà‡∏™‡∏ô‡∏¥‡∏ó
‡∏Å‡πà‡∏≠‡∏ô‡∏ô‡∏≠‡∏ô‡∏á‡∏î‡πÄ‡∏•‡πà‡∏ô‡πÇ‡∏ó‡∏£‡∏®‡∏±‡∏û‡∏ó‡πå‡∏™‡∏±‡∏Å 2 ‡∏ä‡∏±‡πà‡∏ß‡πÇ‡∏°‡∏á ‡∏°‡∏µ‡∏á‡∏≤‡∏ô‡∏ß‡∏¥‡∏à‡∏±‡∏¢‡∏û‡∏ö ‡πÇ‡∏ó‡∏£‡∏®‡∏±‡∏û‡∏ó‡πå‡∏™‡πà‡∏á‡∏ú‡∏•‡∏ï‡πà‡∏≠‡∏Ñ‡∏•‡∏∑‡πà‡∏ô‡∏™‡∏°‡∏≠‡∏á ‡∏ó‡∏≥‡πÉ‡∏´‡πâ‡∏™‡∏†‡∏≤‡∏ß‡∏∞‡∏Å‡πà‡∏≠‡∏ô‡∏ô‡∏≠‡∏ô‡πÑ‡∏°‡πà‡∏™‡∏á‡∏ö ‡∏à‡∏∞‡∏´‡∏•‡∏±‡∏ö‡∏¢‡∏≤‡∏Å",fake,https://www.antifakenewscenter.com/%e0%b8%9c%e0%b8%a5%e0%b8%b4%e0%b8%95%e0%b8%a0%e0%b8%b1%e0%b8%93%e0%b8%91%e0%b9%8c%e0%b8%aa%e0%b8%b8%e0%b8%82%e0%b8%a0%e0%b8%b2%e0%b8%9e/%e0%b8%82%e0%b9%88%e0%b8%b2%e0%b8%a7%e0%b8%9b%e0%b8%a5%e0%b8%ad%e0%b8%a1-%e0%b8%ad%e0%b8%a2%e0%b9%88%e0%b8%b2%e0%b9%81%e0%b8%8a%e0%b8%a3%e0%b9%8c-%e0%b9%82%e0%b8%97%e0%b8%a3%e0%b8%a8%e0%b8%b1%e0%b8%9e%e0%b8%97%e0%b9%8c%e0%b8%a1%e0%b8%b7%e0%b8%ad%e0%b8%96%e0%b8%b7%e0%b8%ad%e0%b8%aa%e0%b9%88%e0%b8%87%e0%b8%9c%e0%b8%a5%e0%b8%95%e0%b9%88%e0%b8%ad%e0%b8%84%e0%b8%a5%e0%b8%b7%e0%b9%88%e0%b8%99%e0%b8%aa%e0%b8%a1%e0%b8%ad%e0%b8%87-%e0%b8%97%e0%b8%b3%e0%b9%83%e0%b8%ab%e0%b9%89%e0%b8%81%e0%b9%88%e0%b8%ad%e0%b8%99%e0%b8%99%e0%b8%ad%e0%b8%99%e0%b9%84%e0%b8%a1%e0%b9%88%e0%b8%aa%e0%b8%87%e0%b8%9a-%e0%b8%ab%e0%b8%a5%e0%b8%b1%e0%b8%9a%e0%b8%a2%e0%b8%b2%e0%b8%81/,fake,TP,
"‡∏°‡∏∞‡πÄ‡∏ü‡∏∑‡∏≠‡∏á‡πÄ‡∏õ‡πá‡∏ô‡∏ú‡∏•‡πÑ‡∏°‡πâ‡∏°‡∏µ‡∏û‡∏¥‡∏©
             ‡∏Å‡∏¥‡∏ô‡πÄ‡∏Ç‡πâ‡∏≤‡πÑ‡∏õ‡∏ñ‡∏∂‡∏á‡∏ï‡∏≤‡∏¢
‡∏£‡∏®.‡∏ô‡∏û.‡∏°.‡∏•.‡∏ä‡∏≤‡∏Ñ‡∏£‡∏µ‡∏¢‡πå ‡∏Å‡∏¥‡∏ï‡∏¥‡∏¢‡∏≤‡∏Å‡∏£, ‡πÅ‡∏û‡∏ó‡∏¢‡πå
‡∏´‡∏ô‡πà‡∏ß‡∏¢‡πÇ‡∏£‡∏Ñ‡πÑ‡∏ï ‡∏Ñ‡∏ì‡∏∞‡πÅ‡∏û‡∏ó‡∏¢‡∏®‡∏≤‡∏™‡∏ï‡∏£‡πå ‡∏£‡∏û.
‡∏£‡∏≤‡∏°‡∏≤‡∏ò‡∏¥‡∏ö‡∏î‡∏µ ‡∏°‡∏´‡∏≤‡∏ß‡∏¥‡∏ó‡∏¢‡∏≤‡∏•‡∏±‡∏¢‡∏°‡∏´‡∏¥‡∏î‡∏•‡∏≠‡∏≠‡∏Å‡∏°‡∏≤
‡πÄ‡∏ï‡∏∑‡∏≠‡∏ô‡∏õ‡∏£‡∏∞‡∏ä‡∏≤‡∏ä‡∏ô‡∏ß‡πà‡∏≤
""‡∏°‡∏∞‡πÄ‡∏ü‡∏∑‡∏≠‡∏á‡∏°‡∏µ‡∏≠‡∏±‡∏ô‡∏ï‡∏£‡∏≤‡∏¢‡∏ñ‡∏∂‡∏á‡∏ä‡∏µ‡∏ß‡∏¥‡∏ï‡∏à‡∏≤‡∏Å‡∏†‡∏≤‡∏ß‡∏∞
‡πÑ‡∏ï‡∏ß‡∏≤‡∏¢‡πÄ‡∏â‡∏µ‡∏¢‡∏ö‡∏û‡∏•‡∏±‡∏ô ‡πÅ‡∏ï‡πà‡∏Ñ‡∏ô‡πÑ‡∏ó‡∏¢‡∏£‡πà‡∏ß‡∏°76 ‡∏•‡πâ‡∏≤‡∏ô
‡∏Ñ‡∏ô‡∏¢‡∏±‡∏á‡πÑ‡∏°‡πà‡∏Ñ‡πà‡∏≠‡∏¢‡∏ó‡∏£‡∏≤‡∏ö
‡πÑ‡∏ï‡πÄ‡∏õ‡πá‡∏ô‡∏™‡πà‡∏ß‡∏ô‡∏´‡∏ô‡∏∂‡πà‡∏á‡∏Ç‡∏≠‡∏á‡∏£‡∏∞‡∏ö‡∏ö‡∏ó‡∏≤‡∏á‡πÄ‡∏î‡∏¥‡∏ô
‡∏õ‡∏±‡∏™‡∏™‡∏≤‡∏ß‡∏∞ ‡∏™‡πà‡∏ß‡∏ô‡∏ó‡∏µ‡πà‡∏ï‡πà‡∏≠‡∏à‡∏≤‡∏Å‡∏ó‡πà‡∏≠‡πÑ‡∏ï‡∏ã‡∏∂‡πà‡∏á‡∏à‡∏∞‡∏ô‡∏≥
‡∏õ‡∏±‡∏™‡∏™‡∏≤‡∏ß‡∏∞‡πÄ‡∏Ç‡πâ‡∏≤‡∏™‡∏π‡πà‡∏Å‡∏£‡∏∞‡πÄ‡∏û‡∏≤‡∏∞‡∏õ‡∏±‡∏™‡∏™‡∏≤‡∏ß‡∏∞‡πÉ‡∏ô
‡πÄ‡∏û‡∏®‡∏ä‡∏≤‡∏¢ ‡∏ã‡∏∂‡πà‡∏á‡∏°‡∏µ‡∏ï‡πà‡∏≠‡∏°‡∏•‡∏π‡∏Å‡∏´‡∏°‡∏≤‡∏Å‡∏≠‡∏¢‡∏π‡πà‡πÇ‡∏î‡∏¢
‡∏£‡∏≠‡∏ö‡∏ó‡πà‡∏≠‡∏õ‡∏±‡∏™‡∏™‡∏≤‡∏ß‡∏∞ ‡πÉ‡∏ô‡∏ö‡πâ‡∏≤‡∏ô‡πÄ‡∏£‡∏≤‡∏°‡∏µ‡∏£‡∏≤‡∏¢‡∏á‡∏≤‡∏ô
‡πÄ‡∏Å‡∏µ‡πà‡∏¢‡∏ß‡∏Å‡∏±‡∏ö‡∏Ñ‡∏ô‡πÑ‡∏Ç‡πâ‡πÄ‡∏Å‡∏¥‡∏î‡∏†‡∏≤‡∏ß‡∏∞‡πÑ‡∏ï‡∏ß‡∏≤‡∏¢‡πÄ‡∏â‡∏µ‡∏¢‡∏ö
‡∏û‡∏•‡∏±‡∏ô‡∏´‡∏•‡∏±‡∏á‡∏Å‡∏≤‡∏£‡∏£‡∏±‡∏ö‡∏õ‡∏£‡∏∞‡∏ó‡∏≤‡∏ô‡∏ú‡∏•‡∏™‡∏î ‡∏´‡∏£‡∏∑‡∏≠
‡∏ô‡πâ‡∏≥‡∏°‡∏∞‡πÄ‡∏ü‡∏∑‡∏≠‡∏á ‡πÄ‡∏ô‡∏∑‡πà‡∏≠‡∏á‡∏à‡∏≤‡∏Å‡∏°‡∏∞‡πÄ‡∏ü‡∏∑‡∏≠‡∏á‡πÄ‡∏õ‡πá‡∏ô‡∏û‡∏∑‡∏ä
‡∏ó‡∏µ‡πà‡∏°‡∏µ‡∏™‡∏≤‡∏£‡∏≠‡∏≠‡∏Å‡∏ã‡∏≤‡πÄ‡∏•‡∏ï‡∏™‡∏∞‡∏™‡∏°‡∏≠‡∏¢‡∏π‡πà‡πÄ‡∏õ‡πá‡∏ô‡∏à‡∏≥‡∏ô‡∏ß‡∏ô
‡∏°‡∏≤‡∏Å""
""‡∏™‡∏≤‡∏£‡∏≠‡∏≠‡∏Å‡∏ã‡∏≤‡πÄ‡∏•‡∏ï‡∏™‡∏≤‡∏°‡∏≤‡∏£‡∏ñ‡∏•‡∏∞‡∏•‡∏≤‡∏¢‡πÅ‡∏•‡∏∞‡∏ñ‡∏π‡∏Å
‡∏î‡∏π‡∏î‡∏ã‡∏∂‡∏°‡∏≠‡∏¢‡πà‡∏≤‡∏á‡∏≠‡∏¥‡∏™‡∏£‡∏∞‡πÄ‡∏Ç‡πâ‡∏≤‡∏™‡∏π‡πà‡πÑ‡∏ï‡πÅ‡∏•‡∏∞‡πÑ‡∏ï‡∏à‡∏∞‡∏ß‡∏≤‡∏¢
‡πÉ‡∏ô‡∏ó‡∏µ‡πà‡∏™‡∏∏‡∏î""",fake,https://www.facebook.com/OhISeebyAjarnJess/photos/a.220998438383217/1621976731618707/,fact,FN,99.28%
‡∏ô‡πâ‡∏≥‡∏õ‡∏±‡∏™‡∏™‡∏≤‡∏ß‡∏∞ ‡∏î‡∏∑‡πà‡∏°‡∏ó‡∏∏‡∏Å‡∏ß‡∏±‡∏ô ‡∏™‡∏≤‡∏°‡∏≤‡∏£‡∏ñ‡∏Ü‡πà‡∏≤‡πÄ‡∏ä‡∏∑‡πâ‡∏≠‡πÑ‡∏ß‡∏£‡∏±‡∏™‡∏ï‡∏±‡∏ö‡∏≠‡∏±‡∏Å‡πÄ‡∏™‡∏ö‡∏ã‡∏µ‡πÑ‡∏î‡πâ‡∏†‡∏≤‡∏¢‡πÉ‡∏ô 8 ‡πÄ‡∏î‡∏∑‡∏≠‡∏ô ‡πÇ‡∏î‡∏¢‡πÑ‡∏°‡πà‡∏ï‡πâ‡∏≠‡∏á‡∏Å‡∏¥‡∏ô‡∏¢‡∏≤,fake,https://www.facebook.com/OhISeebyAjarnJess/posts/pfbid02AnvCnGySgAhVYsAEdNzBvEZs3P14mtc4uDTA493bg8S5zNqx2jdLSU6hhKRfgF3al,fake,TP,
"‡∏ô‡πâ‡∏≥‡∏°‡∏±‡∏ô‡∏´‡∏°‡∏π‡∏õ‡∏•‡∏≠‡∏î‡∏†‡∏±‡∏¢ ‡πÑ‡∏°‡πà‡∏≠‡∏±‡∏ô‡∏ï‡∏£‡∏≤‡∏¢‡πÄ‡∏´‡∏°‡∏∑‡∏≠‡∏ô‡∏ô‡πâ‡∏≥‡∏°‡∏±‡∏ô‡∏û‡∏∑‡∏ä ‡∏≠‡∏¢‡πà‡∏á‡∏ó‡∏µ‡πà‡πÄ‡∏Ç‡∏≤‡∏ä‡∏ß‡∏ô‡πÄ‡∏ä‡∏∑‡πà‡∏≠‡∏Å‡∏±‡∏ô
‡∏Ñ‡∏ô‡πÑ‡∏ó‡∏¢‡∏õ‡πà‡∏ß‡∏¢‡∏à‡∏≤‡∏Å‡∏Å‡∏≤‡∏£‡πÉ‡∏ä‡πâ‡∏ô‡πâ‡∏≥‡∏°‡∏±‡∏ô‡∏û‡∏∑‡∏ä‡∏°‡∏≤‡∏ó‡∏≥‡∏≠‡∏≤‡∏´‡∏≤‡∏£‡∏Å‡∏¥‡∏ô‡πÑ‡∏°‡πà‡∏£‡∏π‡πâ‡∏ï‡∏±‡∏ß ‡πÄ‡∏û‡∏£‡∏≤‡∏∞‡∏ô‡πâ‡∏≥‡∏°‡∏±‡∏ô‡∏û‡∏∑‡∏ä‡∏Ñ‡∏∑‡∏≠ ‡πÄ‡∏Ñ‡∏£‡∏∑‡πà‡∏≠‡∏á‡∏•‡∏î‡∏≠‡∏≤‡∏¢‡∏∏‡πÄ‡∏ã‡∏•‡∏•‡πå‡∏≠‡∏¢‡πà‡∏≤‡∏á‡∏î‡∏µ ‡∏´‡∏£‡∏∑‡∏≠ ‡∏™‡∏≤‡∏£‡∏ó‡∏µ‡πà‡∏Å‡πà‡∏≠‡∏≠‡∏ô‡∏∏‡∏°‡∏π‡∏•‡∏≠‡∏¥‡∏™‡∏£‡∏∞‡∏ó‡∏µ‡πà‡∏™‡∏π‡∏á‡∏°‡∏≤‡∏Å ‡∏à‡∏∂‡∏á‡∏ó‡∏≥‡πÉ‡∏´‡πâ‡∏£‡πà‡∏≤‡∏á‡∏Å‡∏≤‡∏¢‡πÄ‡∏™‡∏∑‡πà‡∏≠‡∏° ‡πÄ‡∏ô‡∏∑‡πà‡∏≠‡∏á‡∏à‡∏≤‡∏Å‡πÄ‡∏™‡∏µ‡∏¢‡∏ó‡∏£‡∏±‡∏û‡∏¢‡∏≤‡∏Å‡∏£‡πÉ‡∏ô‡∏Å‡∏≤‡∏£‡∏ï‡πà‡∏≠‡∏ï‡πâ‡∏≤‡∏ô‡πÅ‡∏•‡∏∞‡∏Å‡∏≥‡∏à‡∏±‡∏î ‡∏ó‡∏≥‡πÉ‡∏´‡πâ‡∏≠‡∏ß‡∏±‡∏¢‡∏ß‡∏∞‡∏†‡∏≤‡∏¢‡πÉ‡∏ô‡πÄ‡∏™‡∏∑‡πà‡∏≠‡∏°‡∏ï‡πâ‡∏ô‡πÄ‡∏´‡∏ï‡∏∏‡∏Ç‡∏≠‡∏á‡πÇ‡∏£‡∏Ñ‡πÄ‡∏ö‡∏≤‡∏´‡∏ß‡∏≤‡∏ô ‡∏™‡∏∞‡πÄ‡∏Å‡πá‡∏î‡πÄ‡∏á‡∏¥‡∏ô ‡πÇ‡∏£‡∏Ñ‡πÄ‡∏Å‡∏µ‡πà‡∏¢‡∏ß‡∏Å‡∏±‡∏ö ‡∏ï‡∏±‡∏ö ‡πÑ‡∏ï ‡πÄ‡∏õ‡πá‡∏ô‡∏ï‡πâ‡∏ô
‡πÄ‡∏°‡∏∑‡πà‡∏≠ 10 ‡∏Å‡∏ß‡πà‡∏≤‡∏õ‡∏µ‡∏Å‡πà‡∏≠‡∏ô‡πÄ‡∏ú‡∏¢‡πÅ‡∏û‡∏£‡πà‡πÄ‡∏£‡∏∑‡πà‡∏≠‡∏á‡∏ô‡∏µ‡πâ‡πÑ‡∏õ ‡∏Å‡πá‡πÑ‡∏î‡πâ‡∏£‡∏±‡∏ö‡∏Å‡∏≤‡∏£‡∏ï‡πà‡∏≠‡∏ï‡πâ‡∏≤‡∏ô ‡πÅ‡∏ï‡πà‡∏Å‡πá‡∏°‡∏µ‡∏Ñ‡∏ô‡∏¢‡∏≠‡∏°‡∏£‡∏±‡∏ö‡∏°‡∏≤‡∏Å‡∏Ç‡∏∂‡πâ‡∏ô‡πÜ ‡∏Ç‡∏ì‡∏∞‡∏ô‡∏µ‡πâ‡∏Ñ‡∏ô‡∏¢‡∏≠‡∏°‡∏£‡∏±‡∏ö‡∏°‡∏´‡∏≤‡∏®‡∏≤‡∏•‡∏ß‡πà‡∏≤‡∏ô‡πâ‡∏≥‡∏°‡∏±‡∏ô‡∏´‡∏°‡∏π‡∏î‡∏µ ‡∏ô‡πâ‡∏≥‡∏°‡∏±‡∏ô‡∏û‡∏∑‡∏ä‡∏≠‡∏±‡∏ô‡∏ï‡∏£‡∏≤‡∏¢‡∏Å‡πà‡∏≠‡∏°‡∏∞‡πÄ‡∏£‡πá‡∏á‡πÇ‡∏î‡∏¢‡πÄ‡∏â‡∏û‡∏≤‡∏∞‡∏°‡∏∞‡πÄ‡∏£‡πá‡∏á‡∏õ‡∏≠‡∏î
‡∏Ñ‡∏ô‡∏¢‡∏≠‡∏°‡∏£‡∏±‡∏ö‡∏Ç‡∏ô‡∏≤‡∏î‡∏ß‡πà‡∏≤ ‡πÅ‡∏°‡πà‡∏ö‡πâ‡∏≤‡∏ô‡∏ú‡∏°‡∏´‡∏≤‡∏ã‡∏∑‡πâ‡∏≠‡∏ô‡πâ‡∏≥‡∏°‡∏±‡∏ô‡∏´‡∏°‡∏π‡∏°‡∏≤‡∏Å‡∏¥‡∏ô‡∏¢‡∏≤‡∏Å ‡∏ï‡πâ‡∏≠‡∏á‡∏¢‡∏≠‡∏°‡πÉ‡∏ä‡πâ‡∏ô‡πâ‡∏≥‡∏°‡∏±‡∏ô‡∏û‡∏∑‡∏ä‡πÑ‡∏õ‡∏Å‡πà‡∏≠‡∏ô‡∏ö‡πà‡∏≠‡∏¢‡πÜ
‡∏ñ‡∏∂‡∏á‡∏≠‡∏¢‡πà‡∏≤‡∏á‡∏ô‡∏±‡πâ‡∏ô‡∏Å‡πá‡∏î‡∏µ‡πÉ‡∏à‡πÅ‡∏ó‡∏ô‡∏Ñ‡∏ô‡∏ó‡∏µ‡πà‡∏ï‡∏∑‡πà‡∏ô‡∏ï‡∏±‡∏ß‡∏°‡∏≤‡πÉ‡∏ä‡πâ‡∏ô‡πâ‡∏≥‡∏°‡∏±‡∏ô‡∏´‡∏°‡∏π ‡πÅ‡∏°‡πâ‡∏à‡∏∞‡∏ó‡∏≥‡πÉ‡∏´‡πâ‡∏Ñ‡∏ô‡πÄ‡∏ú‡∏¢‡πÅ‡∏û‡∏£‡πà‡∏´‡∏≤‡∏Å‡∏¥‡∏ô‡∏¢‡∏≤‡∏Å‡∏Ç‡∏∂‡πâ‡∏ô",fake,https://www.antifakenewscenter.com/%e0%b8%9c%e0%b8%a5%e0%b8%b4%e0%b8%95%e0%b8%a0%e0%b8%b1%e0%b8%93%e0%b8%91%e0%b9%8c%e0%b8%aa%e0%b8%b8%e0%b8%82%e0%b8%a0%e0%b8%b2%e0%b8%9e/%e0%b8%82%e0%b9%88%e0%b8%b2%e0%b8%a7%e0%b8%9b%e0%b8%a5%e0%b8%ad%e0%b8%a1-%e0%b8%ad%e0%b8%a2%e0%b9%88%e0%b8%b2%e0%b9%81%e0%b8%8a%e0%b8%a3%e0%b9%8c-%e0%b8%99%e0%b9%89%e0%b8%b3%e0%b8%a1%e0%b8%b1%e0%b8%99%e0%b8%9e%e0%b8%b7%e0%b8%8a%e0%b8%ad%e0%b8%b1%e0%b8%99%e0%b8%95%e0%b8%a3%e0%b8%b2%e0%b8%a2%e0%b8%95%e0%b9%88%e0%b8%ad%e0%b8%a3%e0%b9%88%e0%b8%b2%e0%b8%87%e0%b8%81%e0%b8%b2%e0%b8%a2-%e0%b9%81%e0%b8%a5%e0%b8%b0%e0%b9%80%e0%b8%9b%e0%b9%87%e0%b8%99%e0%b8%aa%e0%b8%b2%e0%b9%80%e0%b8%ab%e0%b8%95%e0%b8%b8%e0%b8%81%e0%b8%b2%e0%b8%a3%e0%b8%81%e0%b9%88%e0%b8%ad%e0%b8%a1%e0%b8%b0%e0%b9%80%e0%b8%a3%e0%b9%87%e0%b8%87-%e0%b9%82%e0%b8%94%e0%b8%a2%e0%b9%80%e0%b8%89%e0%b8%9e%e0%b8%b2%e0%b8%b0%e0%b8%a1%e0%b8%b0%e0%b9%80%e0%b8%a3%e0%b9%87%e0%b8%87%e0%b8%9b%e0%b8%ad%e0%b8%94/,fake,TP,